yyyqq,date,date_fmt,county,district,cnt,hage,cnt_pct,hage_pct,price
100Q1,2011Q1,2011-01-01,南投縣,中部區域,561,17.78,0.008128667680938926,1.1590612777053455,10.66
100Q1,2011Q1,2011-01-01,台中市,中部區域,8649,15.61,0.12532058248206912,1.0176010430247717,13.38
100Q1,2011Q1,2011-01-01,彰化縣,中部區域,1336,19.49,0.0193581105556763,1.2705345501955672,10.1
100Q1,2011Q1,2011-01-01,苗栗縣,中部區域,773,16.29,0.0112004636673187,1.061929595827901,10.51
100Q1,2011Q1,2011-01-01,雲林縣,中部區域,749,15.74,0.010852713178294573,1.0260756192959584,9.89
100Q1,2011Q1,2011-01-01,台北市,北部區域,9930,16.28,0.1438817648337318,1.061277705345502,54.27
100Q1,2011Q1,2011-01-01,基隆市,北部區域,1496,17.46,0.02167644714917047,1.138200782268579,9.47
100Q1,2011Q1,2011-01-01,宜蘭縣,北部區域,1161,16.99,0.016822429906542057,1.1075619295958279,11.35
100Q1,2011Q1,2011-01-01,新北市,北部區域,18172,15.03,0.26330507860610014,0.9797913950456323,24.03
100Q1,2011Q1,2011-01-01,新竹市,北部區域,1023,19.38,0.014822864594653337,1.2633637548891785,15.22
100Q1,2011Q1,2011-01-01,新竹縣,北部區域,1931,7.63,0.02797942476273274,0.4973924380704042,12.9
100Q1,2011Q1,2011-01-01,桃園市,北部區域,8297,13.83,0.12022024197638194,0.9015645371577575,13.23
100Q1,2011Q1,2011-01-01,台南市,南部區域,3993,16.75,0.05785698761138883,1.091916558018253,10.34
100Q1,2011Q1,2011-01-01,嘉義市,南部區域,780,19.5,0.011301890893284068,1.271186440677966,8.96
100Q1,2011Q1,2011-01-01,嘉義縣,南部區域,480,17.42,0.006955009780482504,1.1355932203389831,7.66
100Q1,2011Q1,2011-01-01,屏東縣,南部區域,1106,18.92,0.016025501702528436,1.2333767926988268,9.07
100Q1,2011Q1,2011-01-01,高雄市,南部區域,7085,13.26,0.10265884228066362,0.864406779661017,13.08
100Q1,2011Q1,2011-01-01,台東縣,東部區域,286,20.11,0.004144026660870825,1.3109517601043024,8.41
100Q1,2011Q1,2011-01-01,花蓮縣,東部區域,1067,18.35,0.015460407157864233,1.196219035202086,10.28
100Q2,2011Q2,2011-04-01,南投縣,中部區域,620,18.08,0.009598563311813973,1.1949768671513548,9.93
100Q2,2011Q2,2011-04-01,台中市,中部區域,8167,15.51,0.126437849302556,1.0251156642432253,13.62
100Q2,2011Q2,2011-04-01,彰化縣,中部區域,1462,18.6,0.0226340315514065,1.2293456708526107,10.18
100Q2,2011Q2,2011-04-01,苗栗縣,中部區域,869,15.81,0.013453470190268295,1.044943820224719,10.39
100Q2,2011Q2,2011-04-01,雲林縣,中部區域,741,16.73,0.011471831312990571,1.105750165234633,9.15
100Q2,2011Q2,2011-04-01,台北市,北部區域,8268,15.25,0.12800148622915797,1.0079312623925973,52.0
100Q2,2011Q2,2011-04-01,基隆市,北部區域,1354,18.22,0.02096202374870342,1.2042300066093852,9.23
100Q2,2011Q2,2011-04-01,宜蘭縣,北部區域,1214,16.97,0.01879460622668091,1.121612690019828,10.21
100Q2,2011Q2,2011-04-01,新北市,北部區域,15645,14.35,0.2422089080860155,0.9484467944481163,24.21
100Q2,2011Q2,2011-04-01,新竹市,北部區域,1203,18.67,0.018624309135664856,1.233972240581626,14.62
100Q2,2011Q2,2011-04-01,新竹縣,北部區域,2049,7.41,0.03172170359017231,0.4897554527428949,13.97
100Q2,2011Q2,2011-04-01,桃園市,北部區域,8423,14.11,0.13040112705711146,0.9325842696629213,13.15
100Q2,2011Q2,2011-04-01,台南市,南部區域,4218,16.52,0.06530119362779249,1.0918704560475876,10.32
100Q2,2011Q2,2011-04-01,嘉義市,南部區域,760,19.82,0.011765980833836483,1.3099801718440185,9.15
100Q2,2011Q2,2011-04-01,嘉義縣,南部區域,477,17.36,0.007384701128605267,1.1473892927957698,7.95
100Q2,2011Q2,2011-04-01,屏東縣,南部區域,1133,19.3,0.0175406003746536,1.2756113681427628,9.6
100Q2,2011Q2,2011-04-01,高雄市,南部區域,6505,13.93,0.10070750700540307,0.9206873760740251,12.74
100Q2,2011Q2,2011-04-01,台東縣,東部區域,286,20.28,0.004427724366417414,1.3403833443489757,8.81
100Q2,2011Q2,2011-04-01,花蓮縣,東部區域,1051,18.4,0.01627111296889756,1.2161269001982815,11.26
100Q3,2011Q3,2011-07-01,南投縣,中部區域,442,19.72,0.008151071441743813,1.3111702127659575,8.99
100Q3,2011Q3,2011-07-01,台中市,中部區域,6581,15.79,0.12136244605908604,1.0498670212765957,13.3
100Q3,2011Q3,2011-07-01,彰化縣,中部區域,1300,17.11,0.023973739534540628,1.1376329787234043,10.39
100Q3,2011Q3,2011-07-01,苗栗縣,中部區域,850,13.91,0.01567513738796887,0.9248670212765958,10.6
100Q3,2011Q3,2011-07-01,雲林縣,中部區域,575,17.03,0.010603769409508353,1.1323138297872342,9.18
100Q3,2011Q3,2011-07-01,台北市,北部區域,6537,15.92,0.12055102718253237,1.0585106382978724,49.82
100Q3,2011Q3,2011-07-01,基隆市,北部區域,1342,17.04,0.024748275734887325,1.1329787234042554,10.01
100Q3,2011Q3,2011-07-01,宜蘭縣,北部區域,1226,17.09,0.02260908051488216,1.1363031914893618,10.77
100Q3,2011Q3,2011-07-01,新北市,北部區域,13103,14.77,0.24163685317006603,0.9820478723404256,24.0
100Q3,2011Q3,2011-07-01,新竹市,北部區域,978,18.59,0.01803562866521595,1.2360372340425532,14.13
100Q3,2011Q3,2011-07-01,新竹縣,北部區域,1966,7.24,0.03625567071146683,0.4813829787234043,13.12
100Q3,2011Q3,2011-07-01,桃園市,北部區域,7050,13.87,0.13001143362962417,0.9222074468085106,12.79
100Q3,2011Q3,2011-07-01,台南市,南部區域,3447,15.92,0.06356729244273965,1.0585106382978724,10.76
100Q3,2011Q3,2011-07-01,嘉義市,南部區域,649,16.96,0.01196842842916682,1.1276595744680853,8.7
100Q3,2011Q3,2011-07-01,嘉義縣,南部區域,482,16.2,0.008888724965883525,1.077127659574468,8.88
100Q3,2011Q3,2011-07-01,屏東縣,南部區域,847,19.45,0.015619813373658392,1.293218085106383,8.56
100Q3,2011Q3,2011-07-01,高雄市,南部區域,5705,13.53,0.10520783388042636,0.8996010638297872,13.12
100Q3,2011Q3,2011-07-01,台東縣,東部區域,247,20.59,0.004555010511562719,1.3690159574468086,8.42
100Q3,2011Q3,2011-07-01,花蓮縣,東部區域,791,16.76,0.014587098439862797,1.1143617021276597,10.31
100Q4,2011Q4,2011-10-01,南投縣,中部區域,527,19.0,0.010286941245364044,1.2313674659753726,10.09
100Q4,2011Q4,2011-10-01,台中市,中部區域,5105,17.38,0.09964864337302362,1.1263771872974724,13.54
100Q4,2011Q4,2011-10-01,彰化縣,中部區域,1187,19.38,0.02317001756783135,1.25599481529488,10.09
100Q4,2011Q4,2011-10-01,苗栗縣,中部區域,957,12.05,0.01868046066757759,0.7809462086843811,10.17
100Q4,2011Q4,2011-10-01,雲林縣,中部區域,711,15.46,0.01387858676556705,1.0019442644199612,9.13
100Q4,2011Q4,2011-10-01,台北市,北部區域,6088,16.07,0.11883661916845599,1.0414776409591704,52.01
100Q4,2011Q4,2011-10-01,基隆市,北部區域,1200,18.58,0.023423775131758737,1.204147764095917,9.2
100Q4,2011Q4,2011-10-01,宜蘭縣,北部區域,1154,16.54,0.022525863751707984,1.0719377835385613,10.93
100Q4,2011Q4,2011-10-01,新北市,北部區域,12004,15.09,0.23431583056802655,0.9779650032404407,24.75
100Q4,2011Q4,2011-10-01,新竹市,北部區域,899,19.51,0.01754831153620925,1.2644199611147118,14.16
100Q4,2011Q4,2011-10-01,新竹縣,北部區域,1803,7.52,0.0351942221354675,0.4873622812702527,13.2
100Q4,2011Q4,2011-10-01,桃園市,北部區域,7074,13.87,0.13808315440171776,0.898898250162022,13.38
100Q4,2011Q4,2011-10-01,台南市,南部區域,3519,16.54,0.0686902205738825,1.0719377835385613,10.92
100Q4,2011Q4,2011-10-01,嘉義市,南部區域,622,19.55,0.012141323443294945,1.2670123136746598,10.68
100Q4,2011Q4,2011-10-01,嘉義縣,南部區域,472,16.11,0.009213351551825103,1.0440699935191187,8.71
100Q4,2011Q4,2011-10-01,屏東縣,南部區域,1091,18.68,0.02129611555729065,1.2106286454957875,8.64
100Q4,2011Q4,2011-10-01,高雄市,南部區域,5678,13.39,0.11083349599843842,0.8677900194426442,13.51
100Q4,2011Q4,2011-10-01,台東縣,東部區域,263,21.0,0.005133710716377123,1.3609850939727803,8.1
100Q4,2011Q4,2011-10-01,花蓮縣,東部區域,772,18.66,0.015069295334764787,1.2093324692158134,10.64
101Q1,2012Q1,2012-01-01,南投縣,中部區域,409,21.1,0.009695389356406306,1.3081215127092376,10.84
101Q1,2012Q1,2012-01-01,台中市,中部區域,5155,16.54,0.12219983406424084,1.0254184748915065,13.72
101Q1,2012Q1,2012-01-01,彰化縣,中部區域,927,20.61,0.02197463553395757,1.277743335399876,10.41
101Q1,2012Q1,2012-01-01,苗栗縣,中部區域,604,17.5,0.014317885504326182,1.0849349039057656,10.24
101Q1,2012Q1,2012-01-01,雲林縣,中部區域,562,17.52,0.013322270949389594,1.0861748295102294,9.84
101Q1,2012Q1,2012-01-01,台北市,北部區域,4744,17.98,0.11245703449093279,1.1146931184128954,51.35
101Q1,2012Q1,2012-01-01,基隆市,北部區域,817,20.05,0.01936707360436174,1.2430254184748917,9.8
101Q1,2012Q1,2012-01-01,宜蘭縣,北部區域,947,17.85,0.02244873770297499,1.1066336019838812,12.39
101Q1,2012Q1,2012-01-01,新北市,北部區域,8533,16.68,0.20227569041128363,1.0340979541227526,25.44
101Q1,2012Q1,2012-01-01,新竹市,北部區域,772,20.29,0.018300343724072538,1.2579045257284562,16.04
101Q1,2012Q1,2012-01-01,新竹縣,北部區域,1403,8.23,0.03325826715657224,0.5102293862368259,14.21
101Q1,2012Q1,2012-01-01,桃園市,北部區域,6097,12.95,0.1445300462249615,0.8028518288902666,14.54
101Q1,2012Q1,2012-01-01,台南市,南部區域,3208,17.59,0.07604598791039469,1.0905145691258524,11.01
101Q1,2012Q1,2012-01-01,嘉義市,南部區域,576,20.84,0.01365414246770179,1.292002479851209,9.47
101Q1,2012Q1,2012-01-01,嘉義縣,南部區域,386,18.91,0.009150171862036269,1.172349659020459,8.42
101Q1,2012Q1,2012-01-01,屏東縣,南部區域,843,18.81,0.01998340642408439,1.16615003099814,9.07
101Q1,2012Q1,2012-01-01,高雄市,南部區域,5159,13.35,0.12229465449804433,0.8276503409795413,14.21
101Q1,2012Q1,2012-01-01,台東縣,東部區域,227,17.63,0.005381059618347754,1.09299442033478,9.11
101Q1,2012Q1,2012-01-01,花蓮縣,東部區域,711,18.53,0.016854332108569396,1.148791072535648,10.88
101Q2,2012Q2,2012-04-01,南投縣,中部區域,568,19.85,0.009138150168122658,1.249213341724355,10.58
101Q2,2012Q2,2012-04-01,台中市,中部區域,7321,17.3,0.1177823897549753,1.0887350534927627,14.81
101Q2,2012Q2,2012-04-01,彰化縣,中部區域,1286,20.58,0.02068954421867207,1.2951541850220263,10.62
101Q2,2012Q2,2012-04-01,苗栗縣,中部區域,857,16.57,0.013787666714931545,1.0427942101950913,11.2
101Q2,2012Q2,2012-04-01,雲林縣,中部區域,697,17.96,0.011213539907009669,1.1302706104468219,9.55
101Q2,2012Q2,2012-04-01,台北市,北部區域,6799,17.96,0.10938430104413019,1.1302706104468219,53.84
101Q2,2012Q2,2012-04-01,基隆市,北部區域,1335,19.81,0.021477870553598146,1.2466960352422907,10.45
101Q2,2012Q2,2012-04-01,宜蘭縣,北部區域,1285,17.21,0.02067345592612256,1.0830711139081184,12.52
101Q2,2012Q2,2012-04-01,新北市,北部區域,13956,15.96,0.22452821082098556,1.0044052863436124,26.99
101Q2,2012Q2,2012-04-01,新竹市,北部區域,1036,19.6,0.01666747108129414,1.2334801762114538,16.1
101Q2,2012Q2,2012-04-01,新竹縣,北部區域,1870,8.24,0.03008510706758692,0.5185651353052234,14.9
101Q2,2012Q2,2012-04-01,桃園市,北部區域,8850,13.78,0.14238138906317874,0.8672120830711139,15.37
101Q2,2012Q2,2012-04-01,台南市,南部區域,4026,17.87,0.06477146580433418,1.1246066708621776,11.35
101Q2,2012Q2,2012-04-01,嘉義市,南部區域,724,19.29,0.011647923805846486,1.2139710509754562,10.08
101Q2,2012Q2,2012-04-01,嘉義縣,南部區域,529,18.34,0.0085107067586917,1.1541850220264316,8.57
101Q2,2012Q2,2012-04-01,屏東縣,南部區域,1076,19.37,0.01731100278327461,1.2190056639395848,9.3
101Q2,2012Q2,2012-04-01,高雄市,南部區域,8518,11.94,0.13704007593674083,0.751415984896161,15.06
101Q2,2012Q2,2012-04-01,台東縣,東部區域,357,19.5,0.005743520440175684,1.2271869100062933,8.05
101Q2,2012Q2,2012-04-01,花蓮縣,東部區域,955,19.17,0.015364319384783692,1.2064191315292638,11.09
101Q3,2012Q3,2012-07-01,南投縣,中部區域,524,20.28,0.009535594700829816,1.2706766917293233,10.59
101Q3,2012Q3,2012-07-01,台中市,中部區域,6579,17.49,0.11972266705488427,1.0958646616541352,14.24
101Q3,2012Q3,2012-07-01,彰化縣,中部區域,1261,19.76,0.022947299461348086,1.2380952380952381,10.44
101Q3,2012Q3,2012-07-01,苗栗縣,中部區域,805,16.59,0.014649148347648857,1.0394736842105263,9.83
101Q3,2012Q3,2012-07-01,雲林縣,中部區域,692,17.66,0.012592808269034793,1.106516290726817,9.85
101Q3,2012Q3,2012-07-01,台北市,北部區域,6361,16.3,0.11575556849614209,1.0213032581453634,52.14
101Q3,2012Q3,2012-07-01,基隆市,北部區域,1227,19.29,0.022328577667782793,1.2086466165413532,10.12
101Q3,2012Q3,2012-07-01,宜蘭縣,北部區域,1142,16.91,0.02078177318386956,1.0595238095238095,10.65
101Q3,2012Q3,2012-07-01,新北市,北部區域,11966,16.09,0.21775367593536177,1.0081453634085213,26.0
101Q3,2012Q3,2012-07-01,新竹市,北部區域,892,20.24,0.01623234823118358,1.2681704260651627,15.92
101Q3,2012Q3,2012-07-01,新竹縣,北部區域,2046,7.59,0.03723249381278206,0.4755639097744361,14.0
101Q3,2012Q3,2012-07-01,桃園市,北部區域,8015,14.27,0.14585456398311253,0.894110275689223,13.92
101Q3,2012Q3,2012-07-01,台南市,南部區域,3708,17.19,0.06747707089823846,1.0770676691729324,10.56
101Q3,2012Q3,2012-07-01,嘉義市,南部區域,584,20.2,0.01062745668947445,1.2656641604010024,10.64
101Q3,2012Q3,2012-07-01,嘉義縣,南部區域,389,20.33,0.007078905226379386,1.2738095238095237,8.11
101Q3,2012Q3,2012-07-01,屏東縣,南部區域,925,19.09,0.016832872324938127,1.1961152882205512,8.41
101Q3,2012Q3,2012-07-01,高雄市,南部區域,6588,13.62,0.11988644635318096,0.8533834586466165,14.25
101Q3,2012Q3,2012-07-01,台東縣,東部區域,244,19.59,0.004440238753821517,1.2274436090225562,8.54
101Q3,2012Q3,2012-07-01,花蓮縣,東部區域,918,18.4,0.016705488426262922,1.1528822055137844,11.05
101Q4,2012Q4,2012-10-01,南投縣,中部區域,548,18.94,0.009668142763889134,1.1882057716436638,10.57
101Q4,2012Q4,2012-10-01,台中市,中部區域,6902,16.93,0.12176919955540658,1.0621079046424091,13.27
101Q4,2012Q4,2012-10-01,彰化縣,中部區域,1202,20.51,0.021206400733932006,1.2867001254705146,10.62
101Q4,2012Q4,2012-10-01,苗栗縣,中部區域,811,16.58,0.014308145586704539,1.0401505646173148,10.84
101Q4,2012Q4,2012-10-01,雲林縣,中部區域,689,17.63,0.012155748839999295,1.1060225846925973,9.77
101Q4,2012Q4,2012-10-01,台北市,北部區域,5966,16.35,0.10525572943314337,1.0257214554579674,51.75
101Q4,2012Q4,2012-10-01,基隆市,北部區域,1316,20.07,0.0232176567103615,1.2590966122961105,10.03
101Q4,2012Q4,2012-10-01,宜蘭縣,北部區域,1197,18.47,0.02111818775250966,1.158720200752823,11.51
101Q4,2012Q4,2012-10-01,新北市,北部區域,12825,15.86,0.22626629734831777,0.9949811794228356,27.08
101Q4,2012Q4,2012-10-01,新竹市,北部區域,888,19.98,0.01566662550060867,1.2534504391468007,15.95
101Q4,2012Q4,2012-10-01,新竹縣,北部區域,2056,7.58,0.03627317796086872,0.4755332496863237,13.8
101Q4,2012Q4,2012-10-01,桃園市,北部區域,7552,15.19,0.13323688714031157,0.9529485570890841,14.11
101Q4,2012Q4,2012-10-01,台南市,南部區域,4393,15.17,0.07750392547767329,0.951693851944793,11.14
101Q4,2012Q4,2012-10-01,嘉義市,南部區域,633,20.97,0.011167763448069018,1.3155583437892095,9.74
101Q4,2012Q4,2012-10-01,嘉義縣,南部區域,373,22.43,0.00658068841410702,1.4071518193224593,8.37
101Q4,2012Q4,2012-10-01,屏東縣,南部區域,962,20.45,0.01697217762565939,1.2829360100376412,8.85
101Q4,2012Q4,2012-10-01,高雄市,南部區域,7009,13.48,0.12365695735784478,0.8456712672521958,14.51
101Q4,2012Q4,2012-10-01,台東縣,東部區域,314,19.95,0.005539775233323336,1.2515683814303638,8.68
101Q4,2012Q4,2012-10-01,花蓮縣,東部區域,936,18.99,0.01651347012226319,1.1913425345043913,11.07
102Q1,2013Q1,2013-01-01,南投縣,中部區域,568,19.75,0.011317446401530247,1.1638185032410135,11.83
102Q1,2013Q1,2013-01-01,台中市,中部區域,5793,18.33,0.11542599824659282,1.0801414260459634,15.22
102Q1,2013Q1,2013-01-01,彰化縣,中部區域,1064,21.49,0.021200286921176377,1.2663523865645256,10.69
102Q1,2013Q1,2013-01-01,苗栗縣,中部區域,736,16.65,0.014664860125926516,0.981143193871538,10.83
102Q1,2013Q1,2013-01-01,雲林縣,中部區域,704,16.4,0.014027257511755799,0.9664113140836771,8.61
102Q1,2013Q1,2013-01-01,台北市,北部區域,5600,18.13,0.11158045747987566,1.0683559222156747,54.32
102Q1,2013Q1,2013-01-01,基隆市,北部區域,1054,22.32,0.021001036104248028,1.315262227460224,10.1
102Q1,2013Q1,2013-01-01,宜蘭縣,北部區域,1115,18.5,0.022216466087510958,1.090159104301709,11.77
102Q1,2013Q1,2013-01-01,新北市,北部區域,10804,16.84,0.2152705826093887,0.9923394225103124,27.36
102Q1,2013Q1,2013-01-01,新竹市,北部區域,786,21.61,0.015661114210568264,1.2734236888626989,15.62
102Q1,2013Q1,2013-01-01,新竹縣,北部區域,1887,7.63,0.03759862915437953,0.44961697112551563,14.12
102Q1,2013Q1,2013-01-01,桃園市,北部區域,7181,15.37,0.1430820116362477,0.90571596935769,14.56
102Q1,2013Q1,2013-01-01,台南市,南部區域,3761,17.39,0.07493823224675221,1.0247495580436066,11.35
102Q1,2013Q1,2013-01-01,嘉義市,南部區域,665,23.31,0.013250179325735235,1.3736004714201533,11.08
102Q1,2013Q1,2013-01-01,嘉義縣,南部區域,325,21.77,0.006475651550171355,1.28285209192693,8.89
102Q1,2013Q1,2013-01-01,屏東縣,南部區域,926,20.31,0.018450625647565156,1.196817913965822,8.73
102Q1,2013Q1,2013-01-01,高雄市,南部區域,6018,14.64,0.11990914162748068,0.8626988803771363,14.71
102Q1,2013Q1,2013-01-01,台東縣,東部區域,263,20.05,0.005240296485215589,1.1814967589864467,8.78
102Q1,2013Q1,2013-01-01,花蓮縣,東部區域,829,19.58,0.016517892723360166,1.153800824985268,11.99
102Q2,2013Q2,2013-04-01,南投縣,中部區域,622,19.44,0.009414115118584553,1.1509769094138544,11.08
102Q2,2013Q2,2013-04-01,台中市,中部區域,7849,17.5,0.1187964462472189,1.0361160449970397,15.99
102Q2,2013Q2,2013-04-01,彰化縣,中部區域,1328,21.01,0.02009958983517731,1.2439313203078746,11.51
102Q2,2013Q2,2013-04-01,苗栗縣,中部區域,971,16.07,0.014696311543642445,0.9514505624629959,11.51
102Q2,2013Q2,2013-04-01,雲林縣,中部區域,763,17.84,0.01154818301524118,1.0562462995855535,8.63
102Q2,2013Q2,2013-04-01,台北市,北部區域,6905,17.96,0.10450878600293624,1.0633510953226761,56.59
102Q2,2013Q2,2013-04-01,基隆市,北部區域,1461,20.65,0.022112575865356966,1.2226169330965067,10.55
102Q2,2013Q2,2013-04-01,宜蘭縣,北部區域,1336,19.34,0.020220671701654282,1.1450562462995855,12.44
102Q2,2013Q2,2013-04-01,新北市,北部區域,14277,17.53,0.2160857259614657,1.0378922439313203,28.61
102Q2,2013Q2,2013-04-01,新竹市,北部區域,958,20.8,0.014499553510617366,1.2314979277679101,16.2
102Q2,2013Q2,2013-04-01,新竹縣,北部區域,2370,8.01,0.03587050294380288,0.4742451154529307,14.94
102Q2,2013Q2,2013-04-01,桃園市,北部區域,10070,14.68,0.15241179942788818,0.8691533451746595,15.74
102Q2,2013Q2,2013-04-01,台南市,南部區域,4330,18.0,0.06553556023066096,1.0657193605683837,11.35
102Q2,2013Q2,2013-04-01,嘉義市,南部區域,760,22.41,0.011502777315312315,1.3268206039076376,10.15
102Q2,2013Q2,2013-04-01,嘉義縣,南部區域,431,20.72,0.006523285556446852,1.2267613972764948,8.39
102Q2,2013Q2,2013-04-01,屏東縣,南部區域,1147,19.56,0.017360112606135823,1.1580817051509769,9.27
102Q2,2013Q2,2013-04-01,高雄市,南部區域,8764,15.13,0.13264518472552253,0.8957963291888692,15.35
102Q2,2013Q2,2013-04-01,台東縣,東部區域,301,21.78,0.004555705226196062,1.2895204262877442,9.04
102Q2,2013Q2,2013-04-01,花蓮縣,東部區域,1312,18.53,0.019857426102223366,1.0970988750740083,11.32
102Q3,2013Q3,2013-07-01,南投縣,中部區域,580,20.95,0.00935740444960715,1.2448009506833038,9.83
102Q3,2013Q3,2013-07-01,台中市,中部區域,7569,17.91,0.12211412806737332,1.0641711229946524,16.16
102Q3,2013Q3,2013-07-01,彰化縣,中部區域,1264,21.19,0.02039268831776455,1.259061200237671,11.39
102Q3,2013Q3,2013-07-01,苗栗縣,中部區域,973,15.78,0.015697852637013374,0.9376114081996435,11.68
102Q3,2013Q3,2013-07-01,雲林縣,中部區域,686,20.83,0.011067550780052594,1.23767082590612,8.76
102Q3,2013Q3,2013-07-01,台北市,北部區域,6190,19.05,0.09986609231563494,1.1319073083778968,57.91
102Q3,2013Q3,2013-07-01,基隆市,北部區域,1719,19.64,0.02773341077392188,1.1669637551990495,11.01
102Q3,2013Q3,2013-07-01,宜蘭縣,北部區域,1365,18.82,0.022022167368472,1.118241235888295,11.55
102Q3,2013Q3,2013-07-01,新北市,北部區域,14273,16.16,0.23027281674007388,0.960190136660725,29.73
102Q3,2013Q3,2013-07-01,新竹市,北部區域,919,20.81,0.014826646015843053,1.2364824717765894,16.53
102Q3,2013Q3,2013-07-01,新竹縣,北部區域,2286,8.03,0.036881080296210254,0.477124183006536,15.13
102Q3,2013Q3,2013-07-01,桃園市,北部區域,8948,15.68,0.14436216381911168,0.9316696375519906,16.0
102Q3,2013Q3,2013-07-01,台南市,南部區域,3966,18.3,0.06398528628817579,1.0873440285204992,11.86
102Q3,2013Q3,2013-07-01,嘉義市,南部區域,730,22.81,0.01177742284174693,1.3553178847296494,9.72
102Q3,2013Q3,2013-07-01,嘉義縣,南部區域,305,20.38,0.004920704064017553,1.2109328579916816,8.28
102Q3,2013Q3,2013-07-01,屏東縣,南部區域,1023,20.18,0.0165045254343933,1.1990493166963756,9.14
102Q3,2013Q3,2013-07-01,高雄市,南部區域,7622,13.9,0.12296920123259604,0.8259061200237672,16.09
102Q3,2013Q3,2013-07-01,台東縣,東部區域,361,19.16,0.005824177597083071,1.138443256090315,9.52
102Q3,2013Q3,2013-07-01,花蓮縣,東部區域,1126,20.0,0.01816627139699595,1.1883541295306002,11.71
102Q4,2013Q4,2013-10-01,南投縣,中部區域,628,20.34,0.009866922242996528,1.2501536570374923,11.37
102Q4,2013Q4,2013-10-01,台中市,中部區域,8591,15.93,0.1349788678178076,0.9791026429010449,16.91
102Q4,2013Q4,2013-10-01,彰化縣,中部區域,1394,19.38,0.021902053513912674,1.1911493546404426,11.96
102Q4,2013Q4,2013-10-01,苗栗縣,中部區域,1092,16.4,0.01715713230788568,1.0079901659496004,11.14
102Q4,2013Q4,2013-10-01,雲林縣,中部區域,718,19.38,0.011280971609031062,1.1911493546404426,8.76
102Q4,2013Q4,2013-10-01,台北市,北部區域,5963,18.77,0.09368862632959919,1.1536570374923172,59.06
102Q4,2013Q4,2013-10-01,基隆市,北部區域,1695,19.52,0.026631263060317063,1.1997541487400123,11.16
102Q4,2013Q4,2013-10-01,宜蘭縣,北部區域,1497,19.43,0.023520354455041085,1.194222495390289,12.48
102Q4,2013Q4,2013-10-01,新北市,北部區域,14669,15.19,0.23047433500400646,0.933620159803319,30.9
102Q4,2013Q4,2013-10-01,新竹市,北部區域,856,21.01,0.013449180636950681,1.2913337430854335,17.46
102Q4,2013Q4,2013-10-01,新竹縣,北部區域,2287,8.46,0.035932565556899776,0.5199754148740013,15.26
102Q4,2013Q4,2013-10-01,桃園市,北部區域,8577,14.89,0.13475890458309112,0.915181315304241,17.07
102Q4,2013Q4,2013-10-01,台南市,南部區域,4211,17.92,0.0661617986707936,1.1014136447449294,12.38
102Q4,2013Q4,2013-10-01,嘉義市,南部區域,785,22.11,0.012333652803745659,1.3589428395820529,10.79
102Q4,2013Q4,2013-10-01,嘉義縣,南部區域,505,20.12,0.007934388109415998,1.2366318377381684,8.56
102Q4,2013Q4,2013-10-01,屏東縣,南部區域,1073,20.65,0.016858610775056168,1.2692071296865395,9.13
102Q4,2013Q4,2013-10-01,高雄市,南部區域,7547,14.31,0.118575895171807,0.8795328826060234,16.48
102Q4,2013Q4,2013-10-01,台東縣,東部區域,282,20.14,0.004430688013574874,1.237861094038107,9.48
102Q4,2013Q4,2013-10-01,花蓮縣,東部區域,1167,20.33,0.018335506779581127,1.249539028887523,12.36
103Q1,2014Q1,2014-01-01,南投縣,中部區域,558,20.37,0.011475342409410604,1.1856810244470315,11.64
103Q1,2014Q1,2014-01-01,台中市,中部區域,6098,18.17,0.12540616131287788,1.0576251455180443,17.71
103Q1,2014Q1,2014-01-01,彰化縣,中部區域,1082,21.05,0.022251470406778266,1.2252619324796274,11.84
103Q1,2014Q1,2014-01-01,苗栗縣,中部區域,917,14.77,0.01885822399539341,0.859720605355064,12.01
103Q1,2014Q1,2014-01-01,雲林縣,中部區域,617,19.62,0.012688685065602764,1.1420256111757858,9.29
103Q1,2014Q1,2014-01-01,台北市,北部區域,5123,18.85,0.10535515979105828,1.0972060535506403,66.77
103Q1,2014Q1,2014-01-01,基隆市,北部區域,1110,22.12,0.022827294040225394,1.2875436554132713,11.45
103Q1,2014Q1,2014-01-01,宜蘭縣,北部區域,1121,20.45,0.023053510467651053,1.190337601862631,12.76
103Q1,2014Q1,2014-01-01,新北市,北部區域,9863,17.14,0.2028338748817505,0.9976717112922003,31.76
103Q1,2014Q1,2014-01-01,新竹市,北部區域,743,21.25,0.015279891416114836,1.2369033760186263,16.63
103Q1,2014Q1,2014-01-01,新竹縣,北部區域,1487,10.13,0.03058034796199564,0.5896391152502911,15.78
103Q1,2014Q1,2014-01-01,桃園市,北部區域,7574,13.68,0.15576029284744786,0.7962747380675204,18.74
103Q1,2014Q1,2014-01-01,台南市,南部區域,3444,18.86,0.07082630691399663,1.09778812572759,12.34
103Q1,2014Q1,2014-01-01,嘉義市,南部區域,591,23.42,0.012153991691687575,1.3632130384167638,10.98
103Q1,2014Q1,2014-01-01,嘉義縣,南部區域,467,20.13,0.00960391560070744,1.1717112922002328,8.75
103Q1,2014Q1,2014-01-01,屏東縣,南部區域,951,20.52,0.019557438407436352,1.1944121071012805,9.47
103Q1,2014Q1,2014-01-01,高雄市,南部區域,5611,14.67,0.11539094311685107,0.8538998835855646,16.55
103Q1,2014Q1,2014-01-01,台東縣,東部區域,254,21.91,0.005223542960556081,1.2753201396973226,9.24
103Q1,2014Q1,2014-01-01,花蓮縣,東部區域,930,21.5,0.019125570682351007,1.2514551804423748,12.95
103Q2,2014Q2,2014-04-01,南投縣,中部區域,673,19.76,0.011871163479856065,1.1508444962143274,11.91
103Q2,2014Q2,2014-04-01,台中市,中部區域,6627,19.05,0.11689479997177732,1.1094933022714035,18.37
103Q2,2014Q2,2014-04-01,彰化縣,中部區域,1206,23.26,0.02127284272913286,1.3546884100174723,12.6
103Q2,2014Q2,2014-04-01,苗栗縣,中部區域,1081,16.45,0.01906794609468708,0.9580663948747815,11.74
103Q2,2014Q2,2014-04-01,雲林縣,中部區域,695,20.39,0.012259225287518521,1.1875364006988933,9.26
103Q2,2014Q2,2014-04-01,台北市,北部區域,5500,17.88,0.0970154519156142,1.0413511939429236,67.07
103Q2,2014Q2,2014-04-01,基隆市,北部區域,1394,21.56,0.024589007267339306,1.2556785090273732,12.36
103Q2,2014Q2,2014-04-01,宜蘭縣,北部區域,1499,18.96,0.02644112044027376,1.1042516016307513,13.36
103Q2,2014Q2,2014-04-01,新北市,北部區域,11222,17.07,0.1979468002540041,0.9941758881770529,32.21
103Q2,2014Q2,2014-04-01,新竹市,北部區域,862,21.75,0.015204967191138079,1.2667443214909726,17.37
103Q2,2014Q2,2014-04-01,新竹縣,北部區域,2297,8.42,0.0405171805545756,0.4903902154921374,15.85
103Q2,2014Q2,2014-04-01,桃園市,北部區域,9038,13.69,0.15942284625696748,0.7973209085614442,18.95
103Q2,2014Q2,2014-04-01,台南市,南部區域,4076,18.74,0.0718972694560079,1.0914385556202677,13.25
103Q2,2014Q2,2014-04-01,嘉義市,南部區域,688,23.83,0.012135751075989557,1.38788584740827,11.64
103Q2,2014Q2,2014-04-01,嘉義縣,南部區域,460,23.13,0.00811401961476046,1.3471170646476411,8.61
103Q2,2014Q2,2014-04-01,屏東縣,南部區域,1087,20.79,0.01917378113314048,1.2108328479906814,9.59
103Q2,2014Q2,2014-04-01,高雄市,南部區域,6754,15.36,0.11913497495237424,0.8945835760046592,16.9
103Q2,2014Q2,2014-04-01,台東縣,東部區域,313,24.69,0.005521061172652226,1.4379732090856143,11.05
103Q2,2014Q2,2014-04-01,花蓮縣,東部區域,1153,21.16,0.020337966556127848,1.2323820617355852,13.15
103Q3,2014Q3,2014-07-01,南投縣,中部區域,527,23.26,0.010884381841463918,1.2346072186836519,12.3
103Q3,2014Q3,2014-07-01,台中市,中部區域,6149,19.19,0.1269982238010657,1.0185774946921444,17.91
103Q3,2014Q3,2014-07-01,彰化縣,中部區域,1064,23.51,0.02197529844272791,1.2478768577494692,11.87
103Q3,2014Q3,2014-07-01,苗栗縣,中部區域,782,18.38,0.016151018216365814,0.975583864118896,12.06
103Q3,2014Q3,2014-07-01,雲林縣,中部區域,663,21.63,0.013693254574744929,1.1480891719745223,9.15
103Q3,2014Q3,2014-07-01,台北市,北部區域,4569,20.99,0.09436573175265398,1.1141188959660298,65.23
103Q3,2014Q3,2014-07-01,基隆市,北部區域,1247,24.45,0.02575488454706927,1.2977707006369426,12.93
103Q3,2014Q3,2014-07-01,宜蘭縣,北部區域,1205,20.36,0.02488743855590896,1.0806794055201698,14.23
103Q3,2014Q3,2014-07-01,新北市,北部區域,9149,18.87,0.18895865174108803,1.0015923566878981,32.29
103Q3,2014Q3,2014-07-01,新竹市,北部區域,779,23.12,0.016089057788425794,1.2271762208067942,17.52
103Q3,2014Q3,2014-07-01,新竹縣,北部區域,1731,10.92,0.03575116692139287,0.5796178343949044,15.75
103Q3,2014Q3,2014-07-01,桃園市,北部區域,7108,15.74,0.14680490726589285,0.8354564755838642,18.29
103Q3,2014Q3,2014-07-01,台南市,南部區域,4086,20.34,0.08439010285431038,1.0796178343949046,13.13
103Q3,2014Q3,2014-07-01,嘉義市,南部區域,606,24.43,0.012516006443884505,1.2967091295116773,11.33
103Q3,2014Q3,2014-07-01,嘉義縣,南部區域,393,23.44,0.008116816060142923,1.2441613588110405,9.26
103Q3,2014Q3,2014-07-01,屏東縣,南部區域,1006,21.84,0.02077739683588748,1.1592356687898089,9.74
103Q3,2014Q3,2014-07-01,高雄市,南部區域,5935,15.86,0.12257837994134413,0.8418259023354564,16.82
103Q3,2014Q3,2014-07-01,台東縣,東部區域,282,22.0,0.005824280226362097,1.167728237791932,10.69
103Q3,2014Q3,2014-07-01,花蓮縣,東部區域,1036,23.46,0.021397001115287702,1.2452229299363058,14.88
103Q4,2014Q4,2014-10-01,南投縣,中部區域,543,24.31,0.010774450860170249,1.312634989200864,10.69
103Q4,2014Q4,2014-10-01,台中市,中部區域,6676,18.17,0.1324682024723694,0.9811015118790498,18.46
103Q4,2014Q4,2014-10-01,彰化縣,中部區域,1222,23.08,0.024247475048117945,1.2462203023758098,12.97
103Q4,2014Q4,2014-10-01,苗栗縣,中部區域,760,19.58,0.015080262714050439,1.0572354211663066,12.09
103Q4,2014Q4,2014-10-01,雲林縣,中部區域,737,19.04,0.014623886342441019,1.0280777537796977,8.93
103Q4,2014Q4,2014-10-01,台北市,北部區域,4974,20.44,0.09869635097327221,1.103671706263499,64.36
103Q4,2014Q4,2014-10-01,基隆市,北部區域,1272,25.94,0.025239597595094945,1.400647948164147,12.9
103Q4,2014Q4,2014-10-01,宜蘭縣,北部區域,1301,19.0,0.025815028672341606,1.0259179265658747,14.46
103Q4,2014Q4,2014-10-01,新北市,北部區域,9289,19.95,0.18431652677738755,1.0772138228941686,31.93
103Q4,2014Q4,2014-10-01,新竹市,北部區域,657,23.93,0.013036490267277814,1.2921166306695464,18.56
103Q4,2014Q4,2014-10-01,新竹縣,北部區域,2142,9.68,0.04250252991249479,0.5226781857451404,16.33
103Q4,2014Q4,2014-10-01,桃園市,北部區域,7883,14.63,0.15641804075639423,0.7899568034557236,19.64
103Q4,2014Q4,2014-10-01,台南市,南部區域,3284,20.41,0.06516260888544953,1.1020518358531317,13.32
103Q4,2014Q4,2014-10-01,嘉義市,南部區域,641,24.36,0.012719011052245174,1.3153347732181426,12.11
103Q4,2014Q4,2014-10-01,嘉義縣,南部區域,465,24.64,0.009226739686886124,1.3304535637149029,9.05
103Q4,2014Q4,2014-10-01,屏東縣,南部區域,925,23.51,0.01835426711907455,1.269438444924406,10.52
103Q4,2014Q4,2014-10-01,高雄市,南部區域,6183,15.55,0.12268587415917614,0.8396328293736501,17.22
103Q4,2014Q4,2014-10-01,台東縣,東部區域,290,21.74,0.005754310772466615,1.173866090712743,11.26
103Q4,2014Q4,2014-10-01,花蓮縣,東部區域,1046,23.4,0.020755203682758894,1.263498920086393,14.59
104Q1,2015Q1,2015-01-01,南投縣,中部區域,567,20.48,0.014160485502360081,1.1094257854821234,12.63
104Q1,2015Q1,2015-01-01,台中市,中部區域,5615,16.11,0.14023126295547064,0.8726977248104008,18.32
104Q1,2015Q1,2015-01-01,彰化縣,中部區域,946,22.71,0.023625783571838865,1.2302275189599132,13.16
104Q1,2015Q1,2015-01-01,苗栗縣,中部區域,631,19.03,0.01575884718163882,1.0308775731310942,13.11
104Q1,2015Q1,2015-01-01,雲林縣,中部區域,639,20.32,0.015958642391548664,1.1007583965330443,9.09
104Q1,2015Q1,2015-01-01,台北市,北部區域,3981,22.14,0.09942309133138533,1.199349945828819,63.42
104Q1,2015Q1,2015-01-01,基隆市,北部區域,929,25.25,0.02320121875078045,1.367822318526544,12.93
104Q1,2015Q1,2015-01-01,宜蘭縣,北部區域,1076,19.44,0.026872455732873803,1.0530877573131094,15.3
104Q1,2015Q1,2015-01-01,新北市,北部區域,7158,19.96,0.1787667640668315,1.0812567713976164,31.08
104Q1,2015Q1,2015-01-01,新竹市,北部區域,575,23.34,0.014360280712269923,1.2643553629469122,18.0
104Q1,2015Q1,2015-01-01,新竹縣,北部區域,1407,10.72,0.035138982542893535,0.580715059588299,16.41
104Q1,2015Q1,2015-01-01,桃園市,北部區域,5283,15.46,0.13193976174421218,0.8374864572047671,18.9
104Q1,2015Q1,2015-01-01,台南市,南部區域,3031,18.93,0.07569741015459154,1.0254604550379198,13.51
104Q1,2015Q1,2015-01-01,嘉義市,南部區域,517,25.62,0.012911765440423566,1.3878656554712894,12.31
104Q1,2015Q1,2015-01-01,嘉義縣,南部區域,437,20.64,0.010913813341325141,1.1180931744312026,9.14
104Q1,2015Q1,2015-01-01,屏東縣,南部區域,828,23.21,0.02067880422566869,1.2573131094257854,10.57
104Q1,2015Q1,2015-01-01,高雄市,南部區域,5185,15.06,0.1294922704228166,0.8158179848320694,16.83
104Q1,2015Q1,2015-01-01,台東縣,東部區域,281,22.03,0.007017806748083215,1.1933911159263273,11.59
104Q1,2015Q1,2015-01-01,花蓮縣,東部區域,867,22.76,0.02165280587397917,1.2329360780065006,14.78
104Q2,2015Q2,2015-04-01,南投縣,中部區域,571,23.2,0.013458728138405695,1.2184873949579833,12.33
104Q2,2015Q2,2015-04-01,台中市,中部區域,4654,20.66,0.10969688398623485,1.0850840336134455,18.02
104Q2,2015Q2,2015-04-01,彰化縣,中部區域,1054,21.93,0.02484325649365955,1.1517857142857144,13.34
104Q2,2015Q2,2015-04-01,苗栗縣,中部區域,771,17.11,0.018172818554659877,0.8986344537815126,12.45
104Q2,2015Q2,2015-04-01,雲林縣,中部區域,759,20.24,0.017889973129684628,1.0630252100840336,9.99
104Q2,2015Q2,2015-04-01,台北市,北部區域,3958,21.28,0.09329184933767029,1.1176470588235294,62.02
104Q2,2015Q2,2015-04-01,基隆市,北部區域,972,25.37,0.022910479422995334,1.3324579831932775,12.93
104Q2,2015Q2,2015-04-01,宜蘭縣,北部區域,975,21.13,0.022981190779239147,1.1097689075630253,14.54
104Q2,2015Q2,2015-04-01,新北市,北部區域,7997,19.15,0.18849290529392354,1.0057773109243697,31.88
104Q2,2015Q2,2015-04-01,新竹市,北部區域,613,24.2,0.014448687125819074,1.2710084033613445,18.26
104Q2,2015Q2,2015-04-01,新竹縣,北部區域,1802,10.1,0.042473954650450195,0.5304621848739496,16.4
104Q2,2015Q2,2015-04-01,桃園市,北部區域,6160,15.63,0.14519398482062887,0.8209033613445379,18.46
104Q2,2015Q2,2015-04-01,台南市,南部區域,3242,19.68,0.07641540564748033,1.0336134453781514,13.58
104Q2,2015Q2,2015-04-01,嘉義市,南部區域,545,25.16,0.01284589638429265,1.3214285714285714,11.71
104Q2,2015Q2,2015-04-01,嘉義縣,南部區域,431,25.15,0.010158864847027766,1.3209033613445378,8.46
104Q2,2015Q2,2015-04-01,屏東縣,南部區域,940,22.88,0.022156224956394664,1.2016806722689075,10.67
104Q2,2015Q2,2015-04-01,高雄市,南部區域,5638,16.62,0.13289020883420544,0.8728991596638657,16.72
104Q2,2015Q2,2015-04-01,台東縣,東部區域,259,24.92,0.006104747089049168,1.308823529411765,12.1
104Q2,2015Q2,2015-04-01,花蓮縣,東部區域,1011,22.84,0.0238297270541649,1.199579831932773,14.48
104Q3,2015Q3,2015-07-01,南投縣,中部區域,500,22.59,0.012836640907807244,1.17901878914405,13.81
104Q3,2015Q3,2015-07-01,台中市,中部區域,4036,21.89,0.10361736540782009,1.1424843423799582,18.48
104Q3,2015Q3,2015-07-01,彰化縣,中部區域,1153,22.23,0.029601293933403508,1.1602296450939458,13.45
104Q3,2015Q3,2015-07-01,苗栗縣,中部區域,671,17.05,0.01722677209827732,0.889874739039666,12.47
104Q3,2015Q3,2015-07-01,雲林縣,中部區域,556,21.41,0.014274344689481657,1.1174321503131524,9.69
104Q3,2015Q3,2015-07-01,台北市,北部區域,3975,19.94,0.1020512952170676,1.0407098121085596,60.3
104Q3,2015Q3,2015-07-01,基隆市,北部區域,1000,25.74,0.02567328181561449,1.3434237995824634,12.81
104Q3,2015Q3,2015-07-01,宜蘭縣,北部區域,937,21.42,0.024055865061230777,1.117954070981211,15.79
104Q3,2015Q3,2015-07-01,新北市,北部區域,7323,19.06,0.1880054427357449,0.9947807933194154,30.54
104Q3,2015Q3,2015-07-01,新竹市,北部區域,574,23.74,0.014736463762162717,1.2390396659707723,18.14
104Q3,2015Q3,2015-07-01,新竹縣,北部區域,1482,10.83,0.038047803650740675,0.5652400835073069,16.37
104Q3,2015Q3,2015-07-01,桃園市,北部區域,5644,15.52,0.14490000256732818,0.8100208768267223,18.41
104Q3,2015Q3,2015-07-01,台南市,南部區域,3124,19.36,0.08020333239197967,1.010438413361169,13.49
104Q3,2015Q3,2015-07-01,嘉義市,南部區域,523,26.7,0.013427126389566378,1.3935281837160751,12.1
104Q3,2015Q3,2015-07-01,嘉義縣,南部區域,377,22.27,0.009678827244486663,1.1623173277661796,8.9
104Q3,2015Q3,2015-07-01,屏東縣,南部區域,877,23.62,0.022515468152293907,1.2327766179540711,10.75
104Q3,2015Q3,2015-07-01,高雄市,南部區域,4923,16.93,0.12638956637827015,0.8836116910229644,16.9
104Q3,2015Q3,2015-07-01,台東縣,東部區域,228,26.06,0.005853508253960104,1.360125260960334,11.98
104Q3,2015Q3,2015-07-01,花蓮縣,東部區域,977,21.66,0.025082796333855358,1.1304801670146138,15.04
104Q4,2015Q4,2015-10-01,南投縣,中部區域,556,22.61,0.011078124688676801,1.2103854389721627,13.3
104Q4,2015Q4,2015-10-01,台中市,中部區域,4782,22.55,0.09527984219649724,1.2071734475374734,19.22
104Q4,2015Q4,2015-10-01,彰化縣,中部區域,1202,23.39,0.02394947099962143,1.2521413276231264,12.99
104Q4,2015Q4,2015-10-01,苗栗縣,中部區域,936,16.65,0.01864950487158541,0.8913276231263383,11.89
104Q4,2015Q4,2015-10-01,雲林縣,中部區域,692,19.71,0.013787881806770408,1.0551391862955033,10.07
104Q4,2015Q4,2015-10-01,台北市,北部區域,5987,20.62,0.11928908725019427,1.1038543897216275,56.23
104Q4,2015Q4,2015-10-01,基隆市,北部區域,1117,27.08,0.022255872800812926,1.449678800856531,13.3
104Q4,2015Q4,2015-10-01,宜蘭縣,北部區域,1289,18.35,0.025682918567813663,0.9823340471092078,15.79
104Q4,2015Q4,2015-10-01,新北市,北部區域,9765,19.49,0.1945645460160593,1.0433618843683083,30.84
104Q4,2015Q4,2015-10-01,新竹市,北部區域,738,24.24,0.014704417302596187,1.297644539614561,17.95
104Q4,2015Q4,2015-10-01,新竹縣,北部區域,2356,7.43,0.04694255713403336,0.39775160599571735,17.43
104Q4,2015Q4,2015-10-01,桃園市,北部區域,7578,13.62,0.15098926059495107,0.7291220556745182,18.4
104Q4,2015Q4,2015-10-01,台南市,南部區域,3864,18.74,0.07698898164936539,1.0032119914346895,13.6
104Q4,2015Q4,2015-10-01,嘉義市,南部區域,654,23.9,0.013030743788479548,1.279443254817987,12.62
104Q4,2015Q4,2015-10-01,嘉義縣,南部區域,606,22.04,0.012074358923270039,1.1798715203426124,9.13
104Q4,2015Q4,2015-10-01,屏東縣,南部區域,984,22.85,0.019605889736794915,1.2232334047109208,11.36
104Q4,2015Q4,2015-10-01,高雄市,南部區域,5656,17.15,0.11269401661718703,0.9180942184154175,17.14
104Q4,2015Q4,2015-10-01,台東縣,東部區域,310,24.27,0.006176652254478073,1.2992505353319057,9.72
104Q4,2015Q4,2015-10-01,花蓮縣,東部區域,969,23.04,0.019307019466416945,1.2334047109207709,15.96
105Q1,2016Q1,2016-01-01,南投縣,中部區域,309,25.41,0.01229019171108106,1.3179460580912863,12.92
105Q1,2016Q1,2016-01-01,台中市,中部區域,2313,22.33,0.09199745445867473,1.1581950207468878,18.76
105Q1,2016Q1,2016-01-01,彰化縣,中部區域,618,24.96,0.02458038342216212,1.2946058091286308,13.24
105Q1,2016Q1,2016-01-01,苗栗縣,中部區域,481,18.88,0.019131334022750777,0.9792531120331949,12.21
105Q1,2016Q1,2016-01-01,雲林縣,中部區域,399,22.97,0.015869859199745446,1.1913900414937757,9.34
105Q1,2016Q1,2016-01-01,台北市,北部區域,2403,21.4,0.09557712194733911,1.1099585062240662,57.59
105Q1,2016Q1,2016-01-01,基隆市,北部區域,665,25.24,0.026449765332909075,1.309128630705394,13.76
105Q1,2016Q1,2016-01-01,宜蘭縣,北部區域,615,19.2,0.024461061172539975,0.9958506224066389,15.02
105Q1,2016Q1,2016-01-01,新北市,北部區域,4730,19.77,0.1881314135709172,1.025414937759336,30.51
105Q1,2016Q1,2016-01-01,新竹市,北部區域,381,24.86,0.015153925702012568,1.2894190871369293,17.94
105Q1,2016Q1,2016-01-01,新竹縣,北部區域,898,10.21,0.0357171267202291,0.5295643153526971,16.45
105Q1,2016Q1,2016-01-01,桃園市,北部區域,4336,12.9,0.17246042478720866,0.6690871369294605,17.8
105Q1,2016Q1,2016-01-01,台南市,南部區域,1969,21.38,0.07831516983533529,1.108921161825726,14.12
105Q1,2016Q1,2016-01-01,嘉義市,南部區域,170,27.9,0.006761594145254952,1.447095435684647,11.86
105Q1,2016Q1,2016-01-01,嘉義縣,南部區域,276,25.3,0.010977646965237451,1.312240663900415,9.79
105Q1,2016Q1,2016-01-01,屏東縣,南部區域,694,23.54,0.027603213745923158,1.220954356846473,10.75
105Q1,2016Q1,2016-01-01,高雄市,南部區域,3141,18.08,0.12493039535438707,0.937759336099585,17.47
105Q1,2016Q1,2016-01-01,台東縣,東部區域,191,20.64,0.007596849892609976,1.070539419087137,11.48
105Q1,2016Q1,2016-01-01,花蓮縣,東部區域,503,22.66,0.02000636385331318,1.1753112033195021,14.76
105Q2,2016Q2,2016-04-01,南投縣,中部區域,405,23.02,0.010623229461756374,1.3461988304093566,13.99
105Q2,2016Q2,2016-04-01,台中市,中部區域,3538,22.05,0.09280243416220753,1.2894736842105263,19.35
105Q2,2016Q2,2016-04-01,彰化縣,中部區域,894,24.61,0.023449795404469627,1.4391812865497073,13.51
105Q2,2016Q2,2016-04-01,苗栗縣,中部區域,717,15.85,0.018807050676739063,0.9269005847953216,12.47
105Q2,2016Q2,2016-04-01,雲林縣,中部區域,600,20.76,0.015738117721120555,1.2140350877192982,10.9
105Q2,2016Q2,2016-04-01,台北市,北部區域,3366,20.27,0.08829084041548631,1.1853801169590643,57.27
105Q2,2016Q2,2016-04-01,基隆市,北部區域,867,26.42,0.0227415801070192,1.5450292397660819,13.65
105Q2,2016Q2,2016-04-01,宜蘭縣,北部區域,837,20.27,0.021954674220963172,1.1853801169590643,15.46
105Q2,2016Q2,2016-04-01,新北市,北部區域,7020,18.99,0.18413597733711048,1.1105263157894736,29.92
105Q2,2016Q2,2016-04-01,新竹市,北部區域,492,23.96,0.012905256531318854,1.4011695906432748,18.61
105Q2,2016Q2,2016-04-01,新竹縣,北部區域,1439,10.2,0.03774525233448746,0.5964912280701753,16.05
105Q2,2016Q2,2016-04-01,桃園市,北部區域,9204,8.98,0.2414227258419893,0.5251461988304094,18.33
105Q2,2016Q2,2016-04-01,台南市,南部區域,2444,19.24,0.06410659951736439,1.1251461988304092,13.98
105Q2,2016Q2,2016-04-01,嘉義市,南部區域,178,28.85,0.004668974923932431,1.6871345029239766,12.53
105Q2,2016Q2,2016-04-01,嘉義縣,南部區域,348,25.01,0.00912810827824992,1.4625730994152046,9.44
105Q2,2016Q2,2016-04-01,屏東縣,南部區域,842,22.93,0.02208582520197251,1.3409356725146198,10.8
105Q2,2016Q2,2016-04-01,高雄市,南部區域,3993,16.83,0.10473717343405729,0.9842105263157893,17.86
105Q2,2016Q2,2016-04-01,台東縣,東部區域,210,25.82,0.005508341202392194,1.5099415204678361,12.27
105Q2,2016Q2,2016-04-01,花蓮縣,東部區域,667,21.36,0.017495540866645683,1.2491228070175437,15.32
105Q3,2016Q3,2016-07-01,南投縣,中部區域,410,22.58,0.01141838638705545,1.21988114532685,13.74
105Q3,2016Q3,2016-07-01,台中市,中部區域,3505,23.03,0.09761327874787645,1.2441923284710967,18.61
105Q3,2016Q3,2016-07-01,彰化縣,中部區域,896,23.95,0.024953351714150446,1.2938951917882224,13.98
105Q3,2016Q3,2016-07-01,苗栗縣,中部區域,716,16.56,0.01994040159300415,0.8946515397082656,13.81
105Q3,2016Q3,2016-07-01,雲林縣,中部區域,595,18.36,0.01657058512267803,0.9918962722852511,10.07
105Q3,2016Q3,2016-07-01,台北市,北部區域,4034,17.64,0.11234578215946751,0.952998379254457,56.6
105Q3,2016Q3,2016-07-01,基隆市,北部區域,872,25.66,0.024284958364664273,1.3862776877363585,13.32
105Q3,2016Q3,2016-07-01,宜蘭縣,北部區域,889,20.05,0.024758403653883643,1.083198271204754,15.79
105Q3,2016Q3,2016-07-01,新北市,北部區域,7273,19.46,0.20255103461720556,1.0513236088600757,30.73
105Q3,2016Q3,2016-07-01,新竹市,北部區域,499,24.19,0.013897011724733338,1.3068611561318206,18.39
105Q3,2016Q3,2016-07-01,新竹縣,北部區域,1945,7.58,0.05416771103127524,0.40950837385197186,17.31
105Q3,2016Q3,2016-07-01,桃園市,北部區域,5526,13.52,0.15389756871919125,0.7304159913560236,18.48
105Q3,2016Q3,2016-07-01,台南市,南部區域,2603,20.25,0.07249282869635447,1.0940032414910859,14.05
105Q3,2016Q3,2016-07-01,嘉義市,南部區域,474,25.27,0.013200768652351908,1.3652079956780117,11.89
105Q3,2016Q3,2016-07-01,嘉義縣,南部區域,360,24.68,0.01002590024229259,1.3333333333333333,10.07
105Q3,2016Q3,2016-07-01,屏東縣,南部區域,759,24.39,0.02113793967750021,1.3176661264181522,11.36
105Q3,2016Q3,2016-07-01,高雄市,南部區域,3659,17.38,0.10190213607374607,0.9389519178822257,17.43
105Q3,2016Q3,2016-07-01,台東縣,東部區域,187,23.9,0.005207898181413095,1.2911939492166395,13.06
105Q3,2016Q3,2016-07-01,花蓮縣,東部區域,640,22.95,0.017823822652964602,1.2398703403565638,15.36
106Q1,2017Q1,2017-01-01,南投縣,中部區域,455,22.73,0.014049714373938552,1.1656410256410257,14.05
106Q1,2017Q1,2017-01-01,台中市,中部區域,3344,23.76,0.10325768102516597,1.2184615384615385,19.15
106Q1,2017Q1,2017-01-01,彰化縣,中部區域,877,24.6,0.02708043847460244,1.2615384615384617,14.63
106Q1,2017Q1,2017-01-01,苗栗縣,中部區域,624,15.04,0.019268179712830014,0.7712820512820512,12.74
106Q1,2017Q1,2017-01-01,雲林縣,中部區域,583,19.28,0.018002161494519067,0.9887179487179488,10.35
106Q1,2017Q1,2017-01-01,台北市,北部區域,3109,22.89,0.09600123513972518,1.173846153846154,56.31
106Q1,2017Q1,2017-01-01,基隆市,北部區域,751,26.76,0.023189748340280994,1.3723076923076925,12.67
106Q1,2017Q1,2017-01-01,宜蘭縣,北部區域,724,21.23,0.02235602902578354,1.0887179487179488,16.47
106Q1,2017Q1,2017-01-01,新北市,北部區域,6799,17.76,0.20994287478771037,0.9107692307692309,29.83
106Q1,2017Q1,2017-01-01,新竹市,北部區域,496,24.29,0.015315732592249498,1.2456410256410255,16.73
106Q1,2017Q1,2017-01-01,新竹縣,北部區域,1208,10.4,0.037301219700478616,0.5333333333333333,16.35
106Q1,2017Q1,2017-01-01,桃園市,北部區域,4503,15.89,0.13904585456229737,0.814871794871795,18.18
106Q1,2017Q1,2017-01-01,台南市,南部區域,2708,18.77,0.08361895939478153,0.9625641025641025,14.24
106Q1,2017Q1,2017-01-01,嘉義市,南部區域,509,23.62,0.015717153002933457,1.2112820512820512,12.11
106Q1,2017Q1,2017-01-01,嘉義縣,南部區域,357,21.29,0.011023622047244094,1.0917948717948718,9.72
106Q1,2017Q1,2017-01-01,屏東縣,南部區域,734,24.26,0.022664813957078894,1.2441025641025643,10.98
106Q1,2017Q1,2017-01-01,高雄市,南部區域,3656,18.63,0.11289177088158098,0.9553846153846154,16.94
106Q1,2017Q1,2017-01-01,台東縣,東部區域,183,27.17,0.005650764242704956,1.3933333333333333,12.64
106Q1,2017Q1,2017-01-01,花蓮縣,東部區域,694,18.46,0.021429674231897483,0.9466666666666667,15.63
106Q2,2017Q2,2017-04-01,南投縣,中部區域,426,24.04,0.012265346078544282,1.1709693132001948,13.45
106Q2,2017Q2,2017-04-01,台中市,中部區域,4058,23.87,0.11683749856040539,1.1626887481734047,19.27
106Q2,2017Q2,2017-04-01,彰化縣,中部區域,1027,23.65,0.029569273292640794,1.1519727228446175,14.13
106Q2,2017Q2,2017-04-01,苗栗縣,中部區域,801,14.75,0.023062305654727628,0.7184607890891378,13.55
106Q2,2017Q2,2017-04-01,雲林縣,中部區域,562,20.68,0.016181043418173443,1.0073063809059912,10.97
106Q2,2017Q2,2017-04-01,台北市,北部區域,3589,22.56,0.10333410111712542,1.0988796882610812,54.71
106Q2,2017Q2,2017-04-01,基隆市,北部區域,933,26.87,0.026862835425544167,1.3088163662932295,14.29
106Q2,2017Q2,2017-04-01,宜蘭縣,北部區域,825,22.37,0.023753311067603363,1.0896249391134925,15.91
106Q2,2017Q2,2017-04-01,新北市,北部區域,5422,20.79,0.15610963952550963,1.0126643935703847,29.66
106Q2,2017Q2,2017-04-01,新竹市,北部區域,527,25.36,0.015173327191062997,1.2352654651729176,17.21
106Q2,2017Q2,2017-04-01,新竹縣,北部區域,1089,11.31,0.03135437060923644,0.5509011203117389,17.08
106Q2,2017Q2,2017-04-01,桃園市,北部區域,5556,15.31,0.15996775308073247,0.7457379444715051,18.6
106Q2,2017Q2,2017-04-01,台南市,南部區域,2959,21.15,0.0851952090291374,1.0301997077447635,14.54
106Q2,2017Q2,2017-04-01,嘉義市,南部區域,522,25.05,0.015029367730047219,1.2201656113005357,12.83
106Q2,2017Q2,2017-04-01,嘉義縣,南部區域,460,23.74,0.013244270413451572,1.1563565513882121,10.16
106Q2,2017Q2,2017-04-01,屏東縣,南部區域,803,24.49,0.02311988943913394,1.1928884559181685,11.33
106Q2,2017Q2,2017-04-01,高雄市,南部區域,4341,19.32,0.12498560405389843,0.9410618606916706,17.27
106Q2,2017Q2,2017-04-01,台東縣,東部區域,150,25.79,0.004318783830473339,1.2562104237700924,14.25
106Q2,2017Q2,2017-04-01,花蓮縣,東部區域,612,24.17,0.01762063802833122,1.1773015099853872,16.15
106Q3,2017Q3,2017-07-01,南投縣,中部區域,407,25.89,0.014196023718172305,1.216063879755754,13.43
106Q3,2017Q3,2017-07-01,台中市,中部區域,3093,24.49,0.10788280432507848,1.1503053076561767,19.07
106Q3,2017Q3,2017-07-01,彰化縣,中部區域,974,25.75,0.033972793861178935,1.2094880225457962,14.33
106Q3,2017Q3,2017-07-01,苗栗縣,中部區域,696,16.18,0.0242762469480293,0.759981211836543,13.36
106Q3,2017Q3,2017-07-01,雲林縣,中部區域,543,21.29,0.01893965817928148,1.0,11.17
106Q3,2017Q3,2017-07-01,台北市,北部區域,2986,22.93,0.10415068015347052,1.0770314701737906,56.6
106Q3,2017Q3,2017-07-01,基隆市,北部區域,860,26.96,0.02999651203348448,1.266322217003288,14.29
106Q3,2017Q3,2017-07-01,宜蘭縣,北部區域,771,21.11,0.026892221834670386,0.9915453264443401,16.24
106Q3,2017Q3,2017-07-01,新北市,北部區域,4160,21.55,0.14509940704569235,1.0122123062470645,31.25
106Q3,2017Q3,2017-07-01,新竹市,北部區域,498,25.16,0.017370073247296825,1.1817754814466885,17.85
106Q3,2017Q3,2017-07-01,新竹縣,北部區域,467,10.97,0.016288803627485176,0.5152653828088305,17.28
106Q3,2017Q3,2017-07-01,桃園市,北部區域,4982,15.8,0.1737704918032787,0.742132456552372,17.96
106Q3,2017Q3,2017-07-01,台南市,南部區域,2910,21.29,0.10149982560167423,1.0,14.28
106Q3,2017Q3,2017-07-01,嘉義市,南部區域,507,27.64,0.017683990233693755,1.2982620948802255,12.41
106Q3,2017Q3,2017-07-01,嘉義縣,南部區域,327,24.8,0.011405650505755144,1.1648661343353688,10.67
106Q3,2017Q3,2017-07-01,屏東縣,南部區域,797,25.32,0.027799093128705963,1.1892907468294975,11.16
106Q3,2017Q3,2017-07-01,高雄市,南部區域,2808,19.87,0.09794209975584234,0.9333020197275718,17.13
106Q3,2017Q3,2017-07-01,台東縣,東部區域,192,26.22,0.006696895709801186,1.2315641146077971,12.21
106Q3,2017Q3,2017-07-01,花蓮縣,東部區域,619,24.81,0.02159051273107778,1.1653358384217942,15.44
106Q4,2017Q4,2017-10-01,南投縣,中部區域,429,25.94,0.014738722644037517,1.2387774594078318,14.02
106Q4,2017Q4,2017-10-01,台中市,中部區域,2661,25.01,0.0914213075892397,1.1943648519579753,19.23
106Q4,2017Q4,2017-10-01,彰化縣,中部區域,964,24.71,0.03311918095303535,1.1800382043935052,15.07
106Q4,2017Q4,2017-10-01,苗栗縣,中部區域,689,16.64,0.023671281822242072,0.7946513849092646,13.32
106Q4,2017Q4,2017-10-01,雲林縣,中部區域,604,19.98,0.020751022090905968,0.9541547277936963,11.22
106Q4,2017Q4,2017-10-01,台北市,北部區域,1342,23.8,0.046105747758271205,1.1365807067812799,57.54
106Q4,2017Q4,2017-10-01,基隆市,北部區域,893,28.17,0.030679905177448723,1.345272206303725,14.1
106Q4,2017Q4,2017-10-01,宜蘭縣,北部區域,733,23.23,0.025182945683169,1.109360076408787,16.02
106Q4,2017Q4,2017-10-01,新北市,北部區域,7132,20.57,0.2450269694575188,0.9823304680038204,31.34
106Q4,2017Q4,2017-10-01,新竹市,北部區域,571,22.46,0.019617274195210775,1.072588347659981,19.21
106Q4,2017Q4,2017-10-01,新竹縣,北部區域,1751,8.64,0.06015735046552376,0.41260744985673353,17.74
106Q4,2017Q4,2017-10-01,桃園市,北部區域,1751,17.67,0.06015735046552376,0.8438395415472779,17.83
106Q4,2017Q4,2017-10-01,台南市,南部區域,3102,19.08,0.1065723021953482,0.9111747851002864,14.36
106Q4,2017Q4,2017-10-01,嘉義市,南部區域,610,23.3,0.020957158071941456,1.1127029608404966,14.09
106Q4,2017Q4,2017-10-01,嘉義縣,南部區域,391,20.31,0.013433194764146082,0.969914040114613,10.09
106Q4,2017Q4,2017-10-01,屏東縣,南部區域,860,25.63,0.02954615728175353,1.2239732569245463,11.38
106Q4,2017Q4,2017-10-01,高雄市,南部區域,3656,21.21,0.12560552444429174,1.012893982808023,16.93
106Q4,2017Q4,2017-10-01,台東縣,東部區域,172,28.4,0.005909231456350706,1.356255969436485,12.18
106Q4,2017Q4,2017-10-01,花蓮縣,東部區域,700,24.26,0.024049197787473803,1.1585482330468004,15.95
107Q1,2018Q1,2018-01-01,南投縣,中部區域,452,23.51,0.014559510388146239,1.0945065176908753,14.94
107Q1,2018Q1,2018-01-01,台中市,中部區域,3262,25.12,0.10507328072153325,1.1694599627560522,19.32
107Q1,2018Q1,2018-01-01,彰化縣,中部區域,854,26.69,0.027508455467869224,1.2425512104283054,14.84
107Q1,2018Q1,2018-01-01,苗栗縣,中部區域,726,16.94,0.023385408278305684,0.7886405959031658,12.78
107Q1,2018Q1,2018-01-01,雲林縣,中部區域,573,20.81,0.01845707843453052,0.9688081936685288,11.51
107Q1,2018Q1,2018-01-01,台北市,北部區域,3554,24.17,0.11447898212272507,1.1252327746741155,57.48
107Q1,2018Q1,2018-01-01,基隆市,北部區域,841,27.48,0.027089708487679175,1.2793296089385475,14.41
107Q1,2018Q1,2018-01-01,宜蘭縣,北部區域,683,24.45,0.022000322113061684,1.138268156424581,16.73
107Q1,2018Q1,2018-01-01,新北市,北部區域,6846,20.56,0.22051860202931228,0.9571694599627559,31.46
107Q1,2018Q1,2018-01-01,新竹市,北部區域,459,26.01,0.014784989531325496,1.2108938547486034,17.05
107Q1,2018Q1,2018-01-01,新竹縣,北部區域,1642,8.59,0.052890964728619747,0.3999068901303538,17.28
107Q1,2018Q1,2018-01-01,桃園市,北部區域,1523,18.89,0.0490578192945724,0.8794227188081937,18.05
107Q1,2018Q1,2018-01-01,台南市,南部區域,3280,19.24,0.10565308423256563,0.8957169459962755,14.6
107Q1,2018Q1,2018-01-01,嘉義市,南部區域,494,26.4,0.015912385247221775,1.2290502793296088,12.69
107Q1,2018Q1,2018-01-01,嘉義縣,南部區域,332,27.26,0.010694153647930424,1.2690875232774674,10.15
107Q1,2018Q1,2018-01-01,屏東縣,南部區域,896,24.08,0.028861330326944757,1.121042830540037,11.87
107Q1,2018Q1,2018-01-01,高雄市,南部區域,3703,20.26,0.11927846674182638,0.9432029795158288,16.92
107Q1,2018Q1,2018-01-01,台東縣,東部區域,201,29.74,0.006474472539861492,1.3845437616387337,12.2
107Q1,2018Q1,2018-01-01,花蓮縣,東部區域,636,25.01,0.020486390723143823,1.164338919925512,16.66
107Q2,2018Q2,2018-04-01,南投縣,中部區域,448,25.14,0.011781412717614265,1.2017208413001912,14.11
107Q2,2018Q2,2018-04-01,台中市,中部區域,4035,25.13,0.1061116078472624,1.2012428298279156,19.26
107Q2,2018Q2,2018-04-01,彰化縣,中部區域,879,26.15,0.023115762899069057,1.2499999999999998,14.65
107Q2,2018Q2,2018-04-01,苗栗縣,中部區域,656,18.11,0.0172513543365066,0.8656787762906308,13.19
107Q2,2018Q2,2018-04-01,雲林縣,中部區域,690,20.84,0.018145479408825542,0.9961759082217972,11.23
107Q2,2018Q2,2018-04-01,台北市,北部區域,3901,23.7,0.102587703150476,1.132887189292543,58.64
107Q2,2018Q2,2018-04-01,基隆市,北部區域,916,27.71,0.024088781360122023,1.3245697896749522,14.16
107Q2,2018Q2,2018-04-01,宜蘭縣,北部區域,740,22.1,0.019460369221059277,1.0564053537284894,15.8
107Q2,2018Q2,2018-04-01,新北市,北部區域,7937,20.17,0.20872560879398305,0.9641491395793499,31.11
107Q2,2018Q2,2018-04-01,新竹市,北部區域,533,26.02,0.014016725398411613,1.2437858508604205,17.4
107Q2,2018Q2,2018-04-01,新竹縣,北部區域,1636,10.33,0.0430231946562878,0.4937858508604206,17.89
107Q2,2018Q2,2018-04-01,桃園市,北部區域,5291,16.71,0.13914163993057382,0.7987571701720841,18.13
107Q2,2018Q2,2018-04-01,台南市,南部區域,3588,18.71,0.09435649292589281,0.894359464627151,14.91
107Q2,2018Q2,2018-04-01,嘉義市,南部區域,568,26.6,0.014937148266975227,1.27151051625239,12.9
107Q2,2018Q2,2018-04-01,嘉義縣,南部區域,464,22.24,0.01220217745752906,1.063097514340344,10.2
107Q2,2018Q2,2018-04-01,屏東縣,南部區域,895,23.95,0.023536527638983853,1.1448374760994262,11.58
107Q2,2018Q2,2018-04-01,高雄市,南部區域,4051,21.17,0.1065323725871772,1.0119502868068833,16.45
107Q2,2018Q2,2018-04-01,台東縣,東部區域,183,28.66,0.004812496712775469,1.3699808795411088,13.19
107Q2,2018Q2,2018-04-01,花蓮縣,東部區域,542,24.19,0.014253405564613686,1.1563097514340344,16.07
107Q3,2018Q3,2018-07-01,南投縣,中部區域,423,25.43,0.011946452779032987,1.2214217098943323,15.49
107Q3,2018Q3,2018-07-01,台中市,中部區域,2536,25.83,0.07162223226389516,1.2406340057636887,19.68
107Q3,2018Q3,2018-07-01,彰化縣,中部區域,940,26.29,0.026547672842295526,1.2627281460134485,14.77
107Q3,2018Q3,2018-07-01,苗栗縣,中部區域,700,17.75,0.019769543605964755,0.8525456292026897,13.54
107Q3,2018Q3,2018-07-01,雲林縣,中部區域,500,23.94,0.01412110257568911,1.1498559077809798,12.09
107Q3,2018Q3,2018-07-01,台北市,北部區域,3992,23.08,0.11274288296430185,1.1085494716618636,57.64
107Q3,2018Q3,2018-07-01,基隆市,北部區域,882,28.34,0.02490962494351559,1.3611911623439001,14.17
107Q3,2018Q3,2018-07-01,宜蘭縣,北部區域,779,22.72,0.022000677812923634,1.0912584053794427,15.89
107Q3,2018Q3,2018-07-01,新北市,北部區域,7783,20.21,0.21980908269317667,0.9707012487992316,31.14
107Q3,2018Q3,2018-07-01,新竹市,北部區域,557,26.9,0.015730908269317667,1.292026897214217,18.47
107Q3,2018Q3,2018-07-01,新竹縣,北部區域,1769,9.3,0.04996046091278807,0.44668587896253603,16.9
107Q3,2018Q3,2018-07-01,桃園市,北部區域,5649,15.56,0.15954021690013556,0.7473583093179635,17.59
107Q3,2018Q3,2018-07-01,台南市,南部區域,2650,22.2,0.07484184365115228,1.0662824207492796,14.71
107Q3,2018Q3,2018-07-01,嘉義市,南部區域,527,25.31,0.014883642114776321,1.2156580211335253,12.6
107Q3,2018Q3,2018-07-01,嘉義縣,南部區域,242,23.9,0.0068346136466335295,1.147934678194044,10.94
107Q3,2018Q3,2018-07-01,屏東縣,南部區域,810,25.4,0.02287618617261636,1.2199807877041307,11.98
107Q3,2018Q3,2018-07-01,高雄市,南部區域,3782,20.82,0.10681201988251243,1.0,16.98
107Q3,2018Q3,2018-07-01,台東縣,東部區域,159,28.83,0.004490510619069137,1.3847262247838616,13.89
107Q3,2018Q3,2018-07-01,花蓮縣,東部區域,644,25.69,0.018187980117487575,1.233909702209414,16.36
107Q4,2018Q4,2018-10-01,南投縣,中部區域,396,25.4,0.010835362683667606,1.1715867158671587,15.52
107Q4,2018Q4,2018-10-01,台中市,中部區域,3746,26.35,0.10249815306317892,1.2154059040590406,20.05
107Q4,2018Q4,2018-10-01,彰化縣,中部區域,1001,30.06,0.02738938900593756,1.386531365313653,15.68
107Q4,2018Q4,2018-10-01,苗栗縣,中部區域,780,17.61,0.02134238104358771,0.8122693726937269,13.77
107Q4,2018Q4,2018-10-01,雲林縣,中部區域,500,22.52,0.013681013489479301,1.0387453874538746,10.54
107Q4,2018Q4,2018-10-01,台北市,北部區域,3895,23.89,0.10657509508304375,1.1019372693726939,57.81
107Q4,2018Q4,2018-10-01,基隆市,北部區域,833,28.71,0.022792568473472514,1.3242619926199262,13.79
107Q4,2018Q4,2018-10-01,宜蘭縣,北部區域,762,21.78,0.020849864557966453,1.0046125461254614,16.41
107Q4,2018Q4,2018-10-01,新北市,北部區域,7845,20.67,0.21465510164993024,0.9534132841328414,30.97
107Q4,2018Q4,2018-10-01,新竹市,北部區域,565,26.48,0.015459545243111609,1.2214022140221403,17.91
107Q4,2018Q4,2018-10-01,新竹縣,北部區域,1838,8.81,0.05029140558732591,0.40636531365313655,17.69
107Q4,2018Q4,2018-10-01,桃園市,北部區域,5235,17.18,0.14324021123484829,0.7924354243542435,19.06
107Q4,2018Q4,2018-10-01,台南市,南部區域,2722,23.22,0.07447943743672532,1.0710332103321032,15.03
107Q4,2018Q4,2018-10-01,嘉義市,南部區域,478,27.92,0.013079048895942212,1.2878228782287824,13.0
107Q4,2018Q4,2018-10-01,嘉義縣,南部區域,440,22.49,0.012039291870741785,1.0373616236162362,11.08
107Q4,2018Q4,2018-10-01,屏東縣,南部區域,872,23.89,0.0238596875256519,1.1019372693726939,11.97
107Q4,2018Q4,2018-10-01,高雄市,南部區域,3761,22.1,0.1029085834678633,1.0193726937269374,16.8
107Q4,2018Q4,2018-10-01,台東縣,東部區域,177,27.37,0.0048430787752756724,1.2624538745387455,13.14
107Q4,2018Q4,2018-10-01,花蓮縣,東部區域,589,24.26,0.016116233890606617,1.1190036900369005,16.1
108Q1,2019Q1,2019-01-01,南投縣,中部區域,458,24.38,0.0135111216000944,1.1096950386891216,14.42
108Q1,2019Q1,2019-01-01,台中市,中部區域,3486,26.6,0.10283792554132987,1.2107419208010926,20.07
108Q1,2019Q1,2019-01-01,彰化縣,中部區域,901,26.84,0.02657973921765296,1.2216659080564407,16.08
108Q1,2019Q1,2019-01-01,苗栗縣,中部區域,732,14.95,0.02159419434774913,0.6804733727810651,14.37
108Q1,2019Q1,2019-01-01,雲林縣,中部區域,565,21.53,0.01666765000885008,0.9799726900318617,11.65
108Q1,2019Q1,2019-01-01,台北市,北部區域,3469,25.86,0.10233642102778925,1.1770596267637687,56.81
108Q1,2019Q1,2019-01-01,基隆市,北部區域,704,29.29,0.020768186913682225,1.3331816112881203,13.86
108Q1,2019Q1,2019-01-01,宜蘭縣,北部區域,612,22.64,0.01805416248746239,1.030496131087847,16.59
108Q1,2019Q1,2019-01-01,新北市,北部區域,7009,21.98,0.20676736090624814,1.0004551661356396,31.01
108Q1,2019Q1,2019-01-01,新竹市,北部區域,519,26.86,0.015310637795740161,1.2225762403277196,18.11
108Q1,2019Q1,2019-01-01,新竹縣,北部區域,1790,8.12,0.05280547524927724,0.3695949021392808,17.39
108Q1,2019Q1,2019-01-01,桃園市,北部區域,4417,17.41,0.13030267272405452,0.7924442421483842,18.58
108Q1,2019Q1,2019-01-01,台南市,南部區域,2843,20.28,0.08386925482329341,0.9230769230769231,15.47
108Q1,2019Q1,2019-01-01,嘉義市,南部區域,467,28.15,0.013776623989615907,1.2812926718252162,13.07
108Q1,2019Q1,2019-01-01,嘉義縣,南部區域,351,26.91,0.010354593191338721,1.2248520710059172,11.04
108Q1,2019Q1,2019-01-01,屏東縣,南部區域,826,25.04,0.024367219304973743,1.139736003641329,12.52
108Q1,2019Q1,2019-01-01,高雄市,南部區域,3947,22.17,0.11643754793793144,1.0091033227127904,17.84
108Q1,2019Q1,2019-01-01,台東縣,東部區域,140,29.14,0.004130037170334533,1.3263541192535275,14.12
108Q1,2019Q1,2019-01-01,花蓮縣,東部區域,586,26.7,0.01728715558440026,1.2152935821574875,15.83
108Q2,2019Q2,2019-04-01,南投縣,中部區域,460,23.54,0.011052644224993392,1.072926162260711,15.08
108Q2,2019Q2,2019-04-01,台中市,中部區域,4179,26.45,0.10041087003532041,1.2055606198723792,20.4
108Q2,2019Q2,2019-04-01,彰化縣,中部區域,1033,25.79,0.024820394531343857,1.1754785779398358,15.78
108Q2,2019Q2,2019-04-01,苗栗縣,中部區域,813,17.12,0.019534347293303538,0.780309936189608,13.62
108Q2,2019Q2,2019-04-01,雲林縣,中部區域,766,19.69,0.018405055383358564,0.8974475843208751,12.56
108Q2,2019Q2,2019-04-01,台北市,北部區域,4572,24.18,0.10985367260145606,1.1020966271649955,58.71
108Q2,2019Q2,2019-04-01,基隆市,北部區域,958,29.61,0.02301833297292102,1.3495897903372833,14.48
108Q2,2019Q2,2019-04-01,宜蘭縣,北部區域,780,23.9,0.018741440207597493,1.0893345487693709,15.72
108Q2,2019Q2,2019-04-01,新北市,北部區域,8551,22.2,0.2054590451476489,1.0118505013673655,31.52
108Q2,2019Q2,2019-04-01,新竹市,北部區域,568,27.93,0.013647612869122276,1.2730173199635368,18.73
108Q2,2019Q2,2019-04-01,新竹縣,北部區域,1753,10.41,0.04212018549220308,0.47447584320875114,18.07
108Q2,2019Q2,2019-04-01,桃園市,北部區域,6142,17.03,0.14757682789110743,0.776207839562443,19.06
108Q2,2019Q2,2019-04-01,台南市,南部區域,3405,20.71,0.08181359475239675,0.9439380127620783,15.93
108Q2,2019Q2,2019-04-01,嘉義市,南部區域,580,26.45,0.01393594271846993,1.2055606198723792,13.36
108Q2,2019Q2,2019-04-01,嘉義縣,南部區域,473,22.2,0.011365001561786684,1.0118505013673655,11.27
108Q2,2019Q2,2019-04-01,屏東縣,南部區域,934,26.34,0.022441673274225714,1.2005469462169553,12.26
108Q2,2019Q2,2019-04-01,高雄市,南部區域,4718,21.91,0.11336168576851918,0.9986326344576116,17.61
108Q2,2019Q2,2019-04-01,台東縣,東部區域,180,31.43,0.004324947740214806,1.432543299908842,14.32
108Q2,2019Q2,2019-04-01,花蓮縣,東部區域,643,26.4,0.015449674427545112,1.2032816773017319,16.53
108Q3,2019Q3,2019-07-01,南投縣,中部區域,429,24.73,0.010938575690354165,1.1074787281683836,14.95
108Q3,2019Q3,2019-07-01,台中市,中部區域,4120,26.25,0.10505112318009129,1.1755485893416928,20.82
108Q3,2019Q3,2019-07-01,彰化縣,中部區域,979,26.24,0.02496239067798771,1.1751007613076578,15.36
108Q3,2019Q3,2019-07-01,苗栗縣,中部區域,806,17.11,0.020551263418241157,0.7662337662337663,14.11
108Q3,2019Q3,2019-07-01,雲林縣,中部區域,559,23.95,0.014253295596522093,1.0725481415136588,11.62
108Q3,2019Q3,2019-07-01,台北市,北部區域,4328,25.42,0.11035467502995996,1.1383788625167937,58.19
108Q3,2019Q3,2019-07-01,基隆市,北部區域,888,29.38,0.02264208674367016,1.3157187639946262,14.4
108Q3,2019Q3,2019-07-01,宜蘭縣,北部區域,861,21.61,0.021953644917004512,0.9677563815494851,16.82
108Q3,2019Q3,2019-07-01,新北市,北部區域,8184,22.22,0.20867436701598716,0.9950738916256158,32.29
108Q3,2019Q3,2019-07-01,新竹市,北部區域,522,27.56,0.013309875315535838,1.2342140618002688,19.15
108Q3,2019Q3,2019-07-01,新竹縣,北部區域,1385,12.54,0.035314515923404476,0.5615763546798029,17.84
108Q3,2019Q3,2019-07-01,桃園市,北部區域,6122,16.74,0.1560978097350774,0.7496641289744738,18.66
108Q3,2019Q3,2019-07-01,台南市,南部區域,3230,21.48,0.082358040745557,0.961934617107031,15.96
108Q3,2019Q3,2019-07-01,嘉義市,南部區域,566,28.17,0.014431780514546522,1.2615315718763995,14.36
108Q3,2019Q3,2019-07-01,嘉義縣,南部區域,444,23.39,0.01132104337183508,1.0474697716077028,10.81
108Q3,2019Q3,2019-07-01,屏東縣,南部區域,975,24.86,0.024860399296259467,1.1133004926108374,12.29
108Q3,2019Q3,2019-07-01,高雄市,南部區域,3916,22.64,0.09984956271195083,1.0138826690550828,17.66
108Q3,2019Q3,2019-07-01,台東縣,東部區域,207,31.67,0.0052780540044366255,1.4182713837886254,13.93
108Q3,2019Q3,2019-07-01,花蓮縣,東部區域,631,26.27,0.016089140467630485,1.1764442454097628,16.55
108Q4,2019Q4,2019-10-01,南投縣,中部區域,414,27.25,0.009983361064891847,1.2121886120996441,15.69
108Q4,2019Q4,2019-10-01,台中市,中部區域,4429,27.15,0.10680267187537679,1.2077402135231317,20.49
108Q4,2019Q4,2019-10-01,彰化縣,中部區域,960,27.25,0.0231498227591695,1.2121886120996441,15.99
108Q4,2019Q4,2019-10-01,苗栗縣,中部區域,723,18.28,0.01743471026549953,0.8131672597864769,12.8
108Q4,2019Q4,2019-10-01,雲林縣,中部區域,659,21.51,0.015891388748221564,0.9568505338078293,12.34
108Q4,2019Q4,2019-10-01,台北市,北部區域,4530,25.3,0.10923822614483109,1.1254448398576513,58.74
108Q4,2019Q4,2019-10-01,基隆市,北部區域,959,29.91,0.023125708360462034,1.3305160142348755,15.19
108Q4,2019Q4,2019-10-01,宜蘭縣,北部區域,822,23.36,0.019822035737538886,1.0391459074733096,16.42
108Q4,2019Q4,2019-10-01,新北市,北部區域,8234,24.06,0.1985579589572934,1.0702846975088967,32.64
108Q4,2019Q4,2019-10-01,新竹市,北部區域,601,28.61,0.014492753623188406,1.2726868327402134,19.34
108Q4,2019Q4,2019-10-01,新竹縣,北部區域,1876,10.25,0.0452386119752104,0.4559608540925267,17.51
108Q4,2019Q4,2019-10-01,桃園市,北部區域,7049,15.59,0.16998239648894356,0.6935053380782918,18.82
108Q4,2019Q4,2019-10-01,台南市,南部區域,3470,21.83,0.08367696351491476,0.971085409252669,15.24
108Q4,2019Q4,2019-10-01,嘉義市,南部區域,547,29.06,0.013190576092985122,1.2927046263345194,12.43
108Q4,2019Q4,2019-10-01,嘉義縣,南部區域,443,24.27,0.010682678627408425,1.079626334519573,12.24
108Q4,2019Q4,2019-10-01,屏東縣,南部區域,630,24.88,0.015192071185704984,1.1067615658362988,12.57
108Q4,2019Q4,2019-10-01,高雄市,南部區域,4264,23.11,0.10282379608864453,1.0280249110320285,16.57
108Q4,2019Q4,2019-10-01,台東縣,東部區域,185,31.17,0.004461163760881622,1.3865658362989324,15.14
108Q4,2019Q4,2019-10-01,花蓮縣,東部區域,579,26.86,0.013962236851624104,1.1948398576512456,16.93
109Q1,2020Q1,2020-01-01,南投縣,中部區域,412,26.13,0.011584097171455884,1.121459227467811,15.0
109Q1,2020Q1,2020-01-01,台中市,中部區域,3815,27.39,0.1072653657987966,1.1755364806866953,21.16
109Q1,2020Q1,2020-01-01,彰化縣,中部區域,858,25.95,0.024124163526963956,1.113733905579399,15.98
109Q1,2020Q1,2020-01-01,苗栗縣,中部區域,629,18.82,0.017685429904965418,0.807725321888412,14.02
109Q1,2020Q1,2020-01-01,雲林縣,中部區域,618,20.9,0.01737614575718383,0.8969957081545064,12.39
109Q1,2020Q1,2020-01-01,台北市,北部區域,4130,26.2,0.11612213912163302,1.1244635193133046,57.55
109Q1,2020Q1,2020-01-01,基隆市,北部區域,766,30.04,0.02153742338188157,1.2892703862660944,14.89
109Q1,2020Q1,2020-01-01,宜蘭縣,北部區域,790,22.35,0.022212225158859584,0.9592274678111589,16.74
109Q1,2020Q1,2020-01-01,新北市,北部區域,6861,24.69,0.19290895799358937,1.059656652360515,31.84
109Q1,2020Q1,2020-01-01,新竹市,北部區域,539,27.88,0.01515492324129787,1.1965665236051501,20.19
109Q1,2020Q1,2020-01-01,新竹縣,北部區域,1467,11.02,0.04124725861778103,0.4729613733905579,19.13
109Q1,2020Q1,2020-01-01,桃園市,北部區域,5657,16.15,0.15905640218185907,0.6931330472103003,19.38
109Q1,2020Q1,2020-01-01,台南市,南部區域,2800,23.95,0.07872687398076815,1.0278969957081545,15.79
109Q1,2020Q1,2020-01-01,嘉義市,南部區域,521,28.21,0.014648821908564359,1.2107296137339056,13.05
109Q1,2020Q1,2020-01-01,嘉義縣,南部區域,416,24.56,0.011696564134285554,1.054077253218884,11.64
109Q1,2020Q1,2020-01-01,屏東縣,南部區域,932,27.42,0.026204802339312827,1.176824034334764,12.66
109Q1,2020Q1,2020-01-01,高雄市,南部區域,3533,24.33,0.09933644491930495,1.0442060085836908,18.27
109Q1,2020Q1,2020-01-01,台東縣,東部區域,141,30.44,0.003964460439745824,1.3064377682403434,14.66
109Q1,2020Q1,2020-01-01,花蓮縣,東部區域,606,26.07,0.017038744868694822,1.1188841201716737,16.2
109Q2,2020Q2,2020-04-01,南投縣,中部區域,420,28.31,0.011498658489842852,1.1870020964360586,15.42
109Q2,2020Q2,2020-04-01,台中市,中部區域,3710,27.74,0.10157148332694518,1.1631027253668762,21.22
109Q2,2020Q2,2020-04-01,彰化縣,中部區域,870,27.82,0.02381864972896019,1.1664570230607967,17.09
109Q2,2020Q2,2020-04-01,苗栗縣,中部區域,696,19.19,0.019054919783168155,0.8046121593291404,14.14
109Q2,2020Q2,2020-04-01,雲林縣,中部區域,590,21.4,0.01615287740239829,0.8972746331236896,13.74
109Q2,2020Q2,2020-04-01,台北市,北部區域,4012,26.76,0.10983956633630838,1.1220125786163522,59.15
109Q2,2020Q2,2020-04-01,基隆市,北部區域,868,30.64,0.023763894212341895,1.2846960167714885,14.66
109Q2,2020Q2,2020-04-01,宜蘭縣,北部區域,746,23.15,0.020423807698625635,0.970649895178197,16.68
109Q2,2020Q2,2020-04-01,新北市,北部區域,7318,25.39,0.20035043530635713,1.0645702306079665,32.29
109Q2,2020Q2,2020-04-01,新竹市,北部區域,539,28.21,0.01475661172863166,1.1828092243186583,19.85
109Q2,2020Q2,2020-04-01,新竹縣,北部區域,1620,11.02,0.04435196846082243,0.4620545073375262,18.89
109Q2,2020Q2,2020-04-01,桃園市,北部區域,5836,17.46,0.15977659749219733,0.7320754716981132,19.96
109Q2,2020Q2,2020-04-01,台南市,南部區域,2801,24.25,0.07668510102392816,1.0167714884696015,16.18
109Q2,2020Q2,2020-04-01,嘉義市,南部區域,539,28.79,0.01475661172863166,1.2071278825995806,14.63
109Q2,2020Q2,2020-04-01,嘉義縣,南部區域,400,25.65,0.01095110332365986,1.0754716981132075,11.29
109Q2,2020Q2,2020-04-01,屏東縣,南部區域,1127,25.57,0.030854733614411652,1.0721174004192873,13.02
109Q2,2020Q2,2020-04-01,高雄市,南部區域,3535,24.22,0.096780375622844,1.0155136268343814,18.4
109Q2,2020Q2,2020-04-01,台東縣,東部區域,175,34.16,0.004791107704101188,1.432285115303983,14.8
109Q2,2020Q2,2020-04-01,花蓮縣,東部區域,651,28.02,0.01782292065925642,1.1748427672955974,17.7
109Q3,2020Q3,2020-07-01,南投縣,中部區域,517,25.88,0.011726280931751685,1.1003401360544218,15.65
109Q3,2020Q3,2020-07-01,台中市,中部區域,4726,27.49,0.10719227018077071,1.1687925170068028,22.2
109Q3,2020Q3,2020-07-01,彰化縣,中部區域,1101,26.15,0.02497221529179614,1.1118197278911564,17.43
109Q3,2020Q3,2020-07-01,苗栗縣,中部區域,1133,13.98,0.02569801991426433,0.5943877551020409,14.85
109Q3,2020Q3,2020-07-01,雲林縣,中部區域,696,19.71,0.015786250538683117,0.8380102040816327,12.93
109Q3,2020Q3,2020-07-01,台北市,北部區域,5235,25.82,0.11873709995690535,1.0977891156462585,60.9
109Q3,2020Q3,2020-07-01,基隆市,北部區域,1000,30.54,0.022681394452130917,1.2984693877551021,15.15
109Q3,2020Q3,2020-07-01,宜蘭縣,北部區域,1069,19.06,0.02424641066932795,0.8103741496598639,17.13
109Q3,2020Q3,2020-07-01,新北市,北部區域,9024,24.84,0.2046769035360294,1.056122448979592,33.57
109Q3,2020Q3,2020-07-01,新竹市,北部區域,743,27.62,0.01685227607793327,1.1743197278911566,20.75
109Q3,2020Q3,2020-07-01,新竹縣,北部區域,1802,12.33,0.04087187280273991,0.5242346938775511,19.64
109Q3,2020Q3,2020-07-01,桃園市,北部區域,6044,18.43,0.13708634806867925,0.7835884353741497,20.96
109Q3,2020Q3,2020-07-01,台南市,南部區域,3498,23.04,0.07933951779355394,0.9795918367346939,16.82
109Q3,2020Q3,2020-07-01,嘉義市,南部區域,589,29.28,0.01335934133230511,1.2448979591836735,14.68
109Q3,2020Q3,2020-07-01,嘉義縣,南部區域,448,25.47,0.010161264714554651,1.0829081632653061,11.76
109Q3,2020Q3,2020-07-01,屏東縣,南部區域,995,26.07,0.022567987479870263,1.1084183673469388,13.52
109Q3,2020Q3,2020-07-01,高雄市,南部區域,4400,23.77,0.09979813558937603,1.0106292517006803,19.09
109Q3,2020Q3,2020-07-01,台東縣,東部區域,196,33.05,0.00444555331261766,1.4051870748299318,15.13
109Q3,2020Q3,2020-07-01,花蓮縣,東部區域,797,28.52,0.018077071378348342,1.2125850340136055,17.19
109Q4,2020Q4,2020-10-01,南投縣,中部區域,452,27.2,0.010222081505269348,1.1594202898550723,16.37
109Q4,2020Q4,2020-10-01,台中市,中部區域,4617,27.91,0.10441449183590393,1.1896845694799658,22.16
109Q4,2020Q4,2020-10-01,彰化縣,中部區域,1007,27.47,0.022773531141164233,1.170929241261722,17.25
109Q4,2020Q4,2020-10-01,苗栗縣,中部區域,1341,11.9,0.030327016147270344,0.5072463768115942,15.0
109Q4,2020Q4,2020-10-01,雲林縣,中部區域,734,20.44,0.0165995748337781,0.8712702472293266,12.94
109Q4,2020Q4,2020-10-01,台北市,北部區域,5322,25.68,0.12035822515717581,1.0946291560102301,61.39
109Q4,2020Q4,2020-10-01,基隆市,北部區域,931,31.09,0.021054774073906553,1.325234441602728,15.09
109Q4,2020Q4,2020-10-01,宜蘭縣,北部區域,958,21.12,0.021665385137274413,0.9002557544757034,17.18
109Q4,2020Q4,2020-10-01,新北市,北部區域,8791,24.81,0.19881043918766114,1.057544757033248,33.81
109Q4,2020Q4,2020-10-01,新竹市,北部區域,634,28.86,0.014338052376860103,1.2301790281329923,20.45
109Q4,2020Q4,2020-10-01,新竹縣,北部區域,1512,13.31,0.034194219548600115,0.5673486786018755,20.39
109Q4,2020Q4,2020-10-01,桃園市,北部區域,7189,17.66,0.16258084942783482,0.752770673486786,21.04
109Q4,2020Q4,2020-10-01,台南市,南部區域,3260,24.01,0.07372563209552671,1.0234441602728048,17.7
109Q4,2020Q4,2020-10-01,嘉義市,南部區域,578,29.14,0.013071599800986024,1.2421142369991474,15.08
109Q4,2020Q4,2020-10-01,嘉義縣,南部區域,417,27.26,0.009430548645348048,1.1619778346121057,11.64
109Q4,2020Q4,2020-10-01,屏東縣,南部區域,1049,26.0,0.02372337057306979,1.1082693947144076,13.9
109Q4,2020Q4,2020-10-01,高雄市,南部區域,4371,24.06,0.09885114659188565,1.0255754475703325,19.16
109Q4,2020Q4,2020-10-01,台東縣,東部區域,204,29.81,0.004613505812112714,1.2706734867860185,15.79
109Q4,2020Q4,2020-10-01,花蓮縣,東部區域,756,27.57,0.017097109774300057,1.1751918158567776,16.97
110Q1,2021Q1,2021-01-01,南投縣,中部區域,429,26.87,0.011032815553955355,1.1205170975813177,16.59
110Q1,2021Q1,2021-01-01,台中市,中部區域,4066,28.62,0.10456743133422487,1.1934945788156797,22.74
110Q1,2021Q1,2021-01-01,彰化縣,中部區域,1015,25.99,0.026103281555395534,1.0838198498748957,18.2
110Q1,2021Q1,2021-01-01,苗栗縣,中部區域,1065,13.64,0.02738915749408497,0.5688073394495413,14.8
110Q1,2021Q1,2021-01-01,雲林縣,中部區域,671,20.5,0.01725645509721222,0.8548790658882401,13.49
110Q1,2021Q1,2021-01-01,台北市,北部區域,4565,27.25,0.11740047320234544,1.1363636363636362,62.14
110Q1,2021Q1,2021-01-01,基隆市,北部區域,819,31.89,0.02106264787573295,1.3298582151793161,15.22
110Q1,2021Q1,2021-01-01,宜蘭縣,北部區域,870,20.85,0.02237424133319617,0.8694745621351126,17.98
110Q1,2021Q1,2021-01-01,新北市,北部區域,7594,25.54,0.19529883756815142,1.0650542118432027,34.36
110Q1,2021Q1,2021-01-01,新竹市,北部區域,631,28.99,0.016227754346260673,1.2089241034195162,21.55
110Q1,2021Q1,2021-01-01,新竹縣,北部區域,1480,13.21,0.038061927785207283,0.5508757297748124,20.75
110Q1,2021Q1,2021-01-01,桃園市,北部區域,6101,17.63,0.15690258203888488,0.7351959966638865,20.49
110Q1,2021Q1,2021-01-01,台南市,南部區域,2829,24.3,0.07275486061104824,1.0133444537114262,18.15
110Q1,2021Q1,2021-01-01,嘉義市,南部區域,581,30.5,0.014941878407571238,1.2718932443703086,15.04
110Q1,2021Q1,2021-01-01,嘉義縣,南部區域,500,24.24,0.012858759386894352,1.0108423686405337,12.57
110Q1,2021Q1,2021-01-01,屏東縣,南部區域,918,26.4,0.02360868223433803,1.1009174311926604,13.8
110Q1,2021Q1,2021-01-01,高雄市,南部區域,3824,24.6,0.09834379179096801,1.0258548790658883,19.73
110Q1,2021Q1,2021-01-01,台東縣,東部區域,157,29.93,0.004037650447484826,1.2481234361968307,15.83
110Q1,2021Q1,2021-01-01,花蓮縣,東部區域,685,26.09,0.01761650036004526,1.0879899916597164,17.78
110Q2,2021Q2,2021-04-01,南投縣,中部區域,506,26.94,0.011398706945101485,1.094676960585128,17.02
110Q2,2021Q2,2021-04-01,台中市,中部區域,4793,28.65,0.10797233673492375,1.164160910199106,23.53
110Q2,2021Q2,2021-04-01,彰化縣,中部區域,1067,28.85,0.02403640377554009,1.1722876879317352,17.38
110Q2,2021Q2,2021-04-01,苗栗縣,中部區域,977,17.6,0.022008965781352075,0.7151564404713532,15.0
110Q2,2021Q2,2021-04-01,雲林縣,中部區域,757,20.61,0.017053006240003603,0.8374644453474197,13.54
110Q2,2021Q2,2021-04-01,台北市,北部區域,5207,27.34,0.1172985515081886,1.110930516050386,64.11
110Q2,2021Q2,2021-04-01,基隆市,北部區域,964,31.53,0.02171611362663603,1.2811865095489638,15.33
110Q2,2021Q2,2021-04-01,宜蘭縣,北部區域,984,23.65,0.022166655403122255,0.9609914668833807,17.71
110Q2,2021Q2,2021-04-01,新北市,北部區域,9030,25.81,0.20341961208353043,1.048760666395774,33.98
110Q2,2021Q2,2021-04-01,新竹市,北部區域,748,29.1,0.016850262440584803,1.1824461600975213,22.97
110Q2,2021Q2,2021-04-01,新竹縣,北部區域,1553,13.93,0.034984568944155345,0.5660300690776108,21.62
110Q2,2021Q2,2021-04-01,桃園市,北部區域,6604,18.96,0.14876889459575138,0.7704185290532305,20.61
110Q2,2021Q2,2021-04-01,台南市,南部區域,3646,23.56,0.08213376585343876,0.9573344169036977,18.39
110Q2,2021Q2,2021-04-01,嘉義市,南部區域,592,29.86,0.013336036583992251,1.2133279154815115,16.58
110Q2,2021Q2,2021-04-01,嘉義縣,南部區域,532,24.78,0.011984411254533577,1.0069077610727348,11.98
110Q2,2021Q2,2021-04-01,屏東縣,南部區域,997,28.04,0.0224595075578383,1.1393742381145875,14.48
110Q2,2021Q2,2021-04-01,高雄市,南部區域,4353,24.37,0.0980604176522268,0.9902478667208452,19.58
110Q2,2021Q2,2021-04-01,台東縣,東部區域,207,27.99,0.004663107386632425,1.1373425436814302,15.83
110Q2,2021Q2,2021-04-01,花蓮縣,東部區域,796,26.38,0.017931562704151742,1.0719219829337667,18.39
110Q3,2021Q3,2021-07-01,南投縣,中部區域,379,27.84,0.01168094680392036,1.1008303677342823,17.42
110Q3,2021Q3,2021-07-01,台中市,中部區域,3509,28.58,0.10814892436663996,1.1300909450375642,23.98
110Q3,2021Q3,2021-07-01,彰化縣,中部區域,705,28.7,0.021728410281698824,1.1348359035191775,18.78
110Q3,2021Q3,2021-07-01,苗栗縣,中部區域,796,18.98,0.024533070332244344,0.7504942665085014,15.67
110Q3,2021Q3,2021-07-01,雲林縣,中部區域,567,21.03,0.01747518954570671,0.8315539739027284,12.77
110Q3,2021Q3,2021-07-01,台北市,北部區域,3572,29.1,0.1100906120939407,1.150652431791222,65.14
110Q3,2021Q3,2021-07-01,基隆市,北部區域,805,32.0,0.024810454293287307,1.265322261763543,15.98
110Q3,2021Q3,2021-07-01,宜蘭縣,北部區域,829,22.21,0.025550144856068546,0.8782127323052591,17.86
110Q3,2021Q3,2021-07-01,新北市,北部區域,6578,26.42,0.20273685508229058,1.0446816923685251,34.76
110Q3,2021Q3,2021-07-01,新竹市,北部區域,651,29.19,0.02006410651544104,1.154211150652432,23.23
110Q3,2021Q3,2021-07-01,新竹縣,北部區域,1077,17.54,0.03319361400480799,0.6935547647291419,22.61
110Q3,2021Q3,2021-07-01,桃園市,北部區域,4754,20.18,0.1465203723109166,0.7979438513246343,21.57
110Q3,2021Q3,2021-07-01,台南市,南部區域,2669,23.88,0.08225975466929668,0.9442467378410438,19.28
110Q3,2021Q3,2021-07-01,嘉義市,南部區域,458,30.8,0.014115761573075264,1.2178726769474102,16.34
110Q3,2021Q3,2021-07-01,嘉義縣,南部區域,488,20.63,0.01504037477655181,0.8157374456306841,11.97
110Q3,2021Q3,2021-07-01,屏東縣,南部區域,551,26.94,0.016982062503852556,1.0652431791221828,14.62
110Q3,2021Q3,2021-07-01,高雄市,南部區域,3272,25.18,0.10084448005917525,0.9956504547251879,20.66
110Q3,2021Q3,2021-07-01,台東縣,東部區域,140,32.52,0.00431486161622388,1.2858837485172006,16.16
110Q3,2021Q3,2021-07-01,花蓮縣,東部區域,591,25.68,0.01821488010848795,1.0154211150652432,18.64
110Q4,2021Q4,2021-10-01,南投縣,中部區域,511,26.95,0.011697111202673626,1.0715705765407555,17.54
110Q4,2021Q4,2021-10-01,台中市,中部區域,4482,29.23,0.10259579728059333,1.1622266401590458,25.07
110Q4,2021Q4,2021-10-01,彰化縣,中部區域,1064,26.66,0.024355628805567,1.0600397614314117,18.93
110Q4,2021Q4,2021-10-01,苗栗縣,中部區域,1081,16.85,0.024744769491370232,0.6699801192842944,16.46
110Q4,2021Q4,2021-10-01,雲林縣,中部區域,702,19.54,0.016069221260815822,0.7769383697813121,14.3
110Q4,2021Q4,2021-10-01,台北市,北部區域,4751,29.65,0.10875337636771505,1.1789264413518887,66.73
110Q4,2021Q4,2021-10-01,基隆市,北部區域,986,32.33,0.022570159776587464,1.2854870775347913,17.0
110Q4,2021Q4,2021-10-01,宜蘭縣,北部區域,1007,23.24,0.02305086297669734,0.9240556660039762,18.98
110Q4,2021Q4,2021-10-01,新北市,北部區域,9183,26.19,0.21020464221947535,1.0413518886679922,35.55
110Q4,2021Q4,2021-10-01,新竹市,北部區域,747,30.42,0.017099299546765555,1.2095427435387676,23.74
110Q4,2021Q4,2021-10-01,新竹縣,北部區域,1315,17.68,0.03010117657830884,0.7029821073558649,22.79
110Q4,2021Q4,2021-10-01,桃園市,北部區域,6795,19.52,0.15554182117840956,0.7761431411530816,22.11
110Q4,2021Q4,2021-10-01,台南市,南部區域,3148,25.04,0.07205969875932793,0.9956262425447316,20.0
110Q4,2021Q4,2021-10-01,嘉義市,南部區域,526,30.97,0.012040470631323536,1.2314115308151095,17.37
110Q4,2021Q4,2021-10-01,嘉義縣,南部區域,565,20.58,0.012933205145813304,0.8182902584493041,13.27
110Q4,2021Q4,2021-10-01,屏東縣,南部區域,936,25.69,0.021425628347754428,1.0214711729622268,14.69
110Q4,2021Q4,2021-10-01,高雄市,南部區域,4914,24.23,0.11248454882571075,0.9634194831013917,22.18
110Q4,2021Q4,2021-10-01,台東縣,東部區域,171,34.18,0.003914297486608982,1.3590457256461232,17.07
110Q4,2021Q4,2021-10-01,花蓮縣,東部區域,689,27.32,0.015771643089319234,1.086282306163022,18.57
111Q1,2022Q1,2022-01-01,南投縣,中部區域,425,28.87,0.010885155209507223,1.108678955453149,16.93
111Q1,2022Q1,2022-01-01,台中市,中部區域,4185,29.47,0.10718676365126524,1.1317204301075268,26.0
111Q1,2022Q1,2022-01-01,彰化縣,中部區域,852,29.89,0.02182153467882389,1.1478494623655915,19.41
111Q1,2022Q1,2022-01-01,苗栗縣,中部區域,994,18.21,0.02545845712529454,0.6993087557603688,16.33
111Q1,2022Q1,2022-01-01,雲林縣,中部區域,581,22.08,0.014880647474643991,0.847926267281106,15.85
111Q1,2022Q1,2022-01-01,台北市,北部區域,4357,30.35,0.11159204999487757,1.1655145929339479,67.91
111Q1,2022Q1,2022-01-01,基隆市,北部區域,830,33.89,0.021258067820919987,1.3014592933947773,16.71
111Q1,2022Q1,2022-01-01,宜蘭縣,北部區域,897,24.11,0.022974080524536422,0.9258832565284179,19.29
111Q1,2022Q1,2022-01-01,新北市,北部區域,8021,26.93,0.20543489396578218,1.034178187403994,36.9
111Q1,2022Q1,2022-01-01,新竹市,北部區域,664,30.22,0.01700645425673599,1.1605222734254992,24.35
111Q1,2022Q1,2022-01-01,新竹縣,北部區域,1209,18.09,0.03096506505480996,0.6947004608294931,24.57
111Q1,2022Q1,2022-01-01,桃園市,北部區域,5801,20.46,0.1485759655772974,0.7857142857142858,22.58
111Q1,2022Q1,2022-01-01,台南市,南部區域,2978,25.35,0.07627292285626473,0.9735023041474655,20.6
111Q1,2022Q1,2022-01-01,嘉義市,南部區域,570,31.64,0.01459891404569204,1.2150537634408602,17.92
111Q1,2022Q1,2022-01-01,嘉義縣,南部區域,475,22.73,0.012165761704743367,0.8728878648233488,12.97
111Q1,2022Q1,2022-01-01,屏東縣,南部區域,997,26.64,0.025535293515008706,1.023041474654378,15.62
111Q1,2022Q1,2022-01-01,高雄市,南部區域,4264,24.95,0.10921012191373834,0.9581413210445469,22.19
111Q1,2022Q1,2022-01-01,台東縣,東部區域,154,33.46,0.003944268005327323,1.2849462365591398,18.14
111Q1,2022Q1,2022-01-01,花蓮縣,東部區域,712,29.42,0.018235836492162687,1.129800307219662,19.91
111Q2,2022Q2,2022-04-01,南投縣,中部區域,463,28.05,0.011797080031594772,1.0493827160493827,17.79
111Q2,2022Q2,2022-04-01,台中市,中部區域,4328,30.09,0.11027594465819043,1.1257014590347922,26.14
111Q2,2022Q2,2022-04-01,彰化縣,中部區域,1067,27.62,0.027186791347109333,1.033295922184811,18.55
111Q2,2022Q2,2022-04-01,苗栗縣,中部區域,936,20.93,0.023848956608148394,0.7830153385708941,16.67
111Q2,2022Q2,2022-04-01,雲林縣,中部區域,616,23.31,0.015695467169465183,0.872053872053872,14.25
111Q2,2022Q2,2022-04-01,台北市,北部區域,4318,29.87,0.11002114811323159,1.1174710063598952,67.61
111Q2,2022Q2,2022-04-01,基隆市,北部區域,890,33.97,0.02267689250133768,1.2708567153011596,16.83
111Q2,2022Q2,2022-04-01,宜蘭縣,北部區域,880,24.64,0.02242209595637883,0.9218106995884774,19.33
111Q2,2022Q2,2022-04-01,新北市,北部區域,8222,27.44,0.20949371926516677,1.0265619154508043,38.21
111Q2,2022Q2,2022-04-01,新竹市,北部區域,764,29.66,0.019466456034856167,1.1096146651702208,24.16
111Q2,2022Q2,2022-04-01,新竹縣,北部區域,1147,18.31,0.029225163706780136,0.6849981294425739,22.7
111Q2,2022Q2,2022-04-01,桃園市,北部區域,5648,21.72,0.1439090885927587,0.8125701459034792,23.21
111Q2,2022Q2,2022-04-01,台南市,南部區域,2981,26.85,0.07595485005223329,1.0044893378226711,20.88
111Q2,2022Q2,2022-04-01,嘉義市,南部區域,544,30.71,0.01386093204576146,1.1488963711185933,17.41
111Q2,2022Q2,2022-04-01,嘉義縣,南部區域,516,24.72,0.013147501719876678,0.924803591470258,15.25
111Q2,2022Q2,2022-04-01,屏東縣,南部區域,952,29.25,0.024256631080082552,1.0942760942760943,15.56
111Q2,2022Q2,2022-04-01,高雄市,南部區域,4080,25.83,0.10395699034321094,0.9663299663299663,22.42
111Q2,2022Q2,2022-04-01,台東縣,東部區域,156,34.51,0.003974826101358066,1.29105873550318,20.23
111Q2,2022Q2,2022-04-01,花蓮縣,東部區域,646,29.24,0.016459856804341734,1.0939019827908716,18.83
111Q3,2022Q3,2022-07-01,南投縣,中部區域,359,29.65,0.010649658854939187,1.10182088442958,18.01
111Q3,2022Q3,2022-07-01,台中市,中部區域,3626,30.14,0.10756452091367547,1.1200297287253809,25.52
111Q3,2022Q3,2022-07-01,彰化縣,中部區域,815,28.9,0.02417680213586473,1.073950204384987,18.92
111Q3,2022Q3,2022-07-01,苗栗縣,中部區域,802,20.41,0.023791159893206765,0.7584541062801933,16.9
111Q3,2022Q3,2022-07-01,雲林縣,中部區域,545,23.14,0.016167309403737763,0.8599033816425121,13.51
111Q3,2022Q3,2022-07-01,台北市,北部區域,3663,31.39,0.10866211806585582,1.166480862133036,68.65
111Q3,2022Q3,2022-07-01,基隆市,北部區域,897,33.25,0.026609314743399583,1.235600148643627,16.92
111Q3,2022Q3,2022-07-01,宜蘭縣,北部區域,833,25.55,0.024710768318006525,0.9494611668524712,19.69
111Q3,2022Q3,2022-07-01,新北市,北部區域,7058,27.9,0.20937407297537822,1.0367892976588629,37.57
111Q3,2022Q3,2022-07-01,新竹市,北部區域,624,30.18,0.018510827647582318,1.1215161649944259,24.78
111Q3,2022Q3,2022-07-01,新竹縣,北部區域,992,20.23,0.029427469593592406,0.7517651430694909,24.37
111Q3,2022Q3,2022-07-01,桃園市,北部區域,5253,20.73,0.15582913082171462,0.770345596432553,24.1
111Q3,2022Q3,2022-07-01,台南市,南部區域,2329,26.92,0.06908929101156927,1.0003716090672612,21.25
111Q3,2022Q3,2022-07-01,嘉義市,南部區域,426,32.57,0.012637199644022545,1.2103307320698624,17.15
111Q3,2022Q3,2022-07-01,嘉義縣,南部區域,452,22.8,0.013408484129338476,0.8472686733556299,14.74
111Q3,2022Q3,2022-07-01,屏東縣,南部區域,899,27.81,0.026668644319193118,1.0334448160535117,15.91
111Q3,2022Q3,2022-07-01,高雄市,南部區域,3261,26.84,0.09673687333135568,0.9973987365291713,22.86
111Q3,2022Q3,2022-07-01,台東縣,東部區域,175,34.51,0.0051913378819341445,1.2824228911185431,17.46
111Q3,2022Q3,2022-07-01,花蓮縣,東部區域,593,26.36,0.017591219222782558,0.9795615013006317,19.04
111Q4,2022Q4,2022-10-01,南投縣,中部區域,383,30.75,0.011744143260149638,1.1443989579456644,18.45
111Q4,2022Q4,2022-10-01,台中市,中部區域,3352,30.89,0.10278425119587882,1.149609229624116,26.36
111Q4,2022Q4,2022-10-01,彰化縣,中部區域,862,25.7,0.02643198822519318,0.9564570152586527,18.66
111Q4,2022Q4,2022-10-01,苗栗縣,中部區域,762,22.49,0.023365632282595365,0.8369929289170077,18.1
111Q4,2022Q4,2022-10-01,雲林縣,中部區域,604,20.15,0.018520789893290812,0.7499069594343133,15.58
111Q4,2022Q4,2022-10-01,台北市,北部區域,3444,31.74,0.10560529866306881,1.1812430219575734,67.11
111Q4,2022Q4,2022-10-01,基隆市,北部區域,813,33.75,0.02492947381332025,1.2560476367696316,17.45
111Q4,2022Q4,2022-10-01,宜蘭縣,北部區域,746,24.59,0.022875015331779713,0.9151470040937848,19.97
111Q4,2022Q4,2022-10-01,新北市,北部區域,6531,28.58,0.2002637066110634,1.0636397469296612,37.65
111Q4,2022Q4,2022-10-01,新竹市,北部區域,541,31.81,0.01658898564945419,1.1838481577967994,25.79
111Q4,2022Q4,2022-10-01,新竹縣,北部區域,933,18.45,0.02860910094443763,0.6866393747673986,24.79
111Q4,2022Q4,2022-10-01,桃園市,北部區域,5568,20.94,0.17073469888384643,0.7793077781912914,24.31
111Q4,2022Q4,2022-10-01,台南市,南部區域,2304,26.07,0.0706488409174537,0.9702270189802754,21.62
111Q4,2022Q4,2022-10-01,嘉義市,南部區域,405,33.41,0.012418741567521157,1.2433941198362484,17.74
111Q4,2022Q4,2022-10-01,嘉義縣,南部區域,627,20.02,0.019226051760088313,0.7450688500186081,15.82
111Q4,2022Q4,2022-10-01,屏東縣,南部區域,753,28.29,0.02308966024776156,1.052847041310011,16.63
111Q4,2022Q4,2022-10-01,高雄市,南部區域,3146,27.3,0.09646755795412731,1.0160029772981019,22.58
111Q4,2022Q4,2022-10-01,台東縣,東部區域,145,34.57,0.004446216116766834,1.2865649423148493,18.2
111Q4,2022Q4,2022-10-01,花蓮縣,東部區域,596,26.98,0.01827548141788299,1.004093784890212,19.63
112Q1,2023Q1,2023-01-01,南投縣,中部區域,363,29.96,0.012959194602120595,1.0780856423173804,19.05
112Q1,2023Q1,2023-01-01,台中市,中部區域,2800,31.18,0.09996072971332691,1.1219863260165528,26.84
112Q1,2023Q1,2023-01-01,彰化縣,中部區域,780,28.45,0.027846203277283925,1.023749550197913,19.2
112Q1,2023Q1,2023-01-01,苗栗縣,中部區域,771,17.51,0.027524900931776803,0.6300827635840232,17.65
112Q1,2023Q1,2023-01-01,雲林縣,中部區域,501,24.51,0.017885830566563135,0.8819719323497662,16.04
112Q1,2023Q1,2023-01-01,台北市,北部區域,3194,33.61,0.11402663239441647,1.2094278517452322,67.05
112Q1,2023Q1,2023-01-01,基隆市,北部區域,674,33.8,0.02406197565242226,1.2162648434688736,17.58
112Q1,2023Q1,2023-01-01,宜蘭縣,北部區域,710,25.29,0.025347185034450753,0.9100395825836631,19.56
112Q1,2023Q1,2023-01-01,新北市,北部區域,5785,29.0,0.20652600763985576,1.0435408420295071,38.18
112Q1,2023Q1,2023-01-01,新竹市,北部區域,427,31.8,0.015244011281282353,1.1442965095358042,26.18
112Q1,2023Q1,2023-01-01,新竹縣,北部區域,694,20.35,0.02477598086466031,0.7322777977689817,24.82
112Q1,2023Q1,2023-01-01,桃園市,北部區域,3951,22.62,0.14105172967762664,0.8139618567830156,24.42
112Q1,2023Q1,2023-01-01,台南市,南部區域,2272,26.05,0.0811109921102424,0.9373875494782297,21.5
112Q1,2023Q1,2023-01-01,嘉義市,南部區域,409,34.18,0.01460140659026811,1.2299388269161569,18.47
112Q1,2023Q1,2023-01-01,嘉義縣,南部區域,521,19.97,0.018599835778801185,0.7186038143216984,15.3
112Q1,2023Q1,2023-01-01,屏東縣,南部區域,759,27.82,0.02709649780443397,1.001079525008996,16.94
112Q1,2023Q1,2023-01-01,高雄市,南部區域,2682,27.34,0.09574809896112242,0.9838071248650594,23.16
112Q1,2023Q1,2023-01-01,台東縣,東部區域,121,32.57,0.004319731534040199,1.1720043181000361,17.25
112Q1,2023Q1,2023-01-01,花蓮縣,東部區域,501,28.82,0.017885830566563135,1.0370636919755307,19.61
112Q2,2023Q2,2023-04-01,南投縣,中部區域,427,29.59,0.012125170377101318,1.0519018841094916,19.41
112Q2,2023Q2,2023-04-01,台中市,中部區域,3775,30.89,0.10719559291231258,1.0981158905083541,27.34
112Q2,2023Q2,2023-04-01,彰化縣,中部區域,959,26.45,0.027231940027260336,0.9402772840383932,19.8
112Q2,2023Q2,2023-04-01,苗栗縣,中部區域,854,22.78,0.024250340754202637,0.8098115890508355,19.12
112Q2,2023Q2,2023-04-01,雲林縣,中部區域,622,24.3,0.017662426169922762,0.863846427301813,15.55
112Q2,2023Q2,2023-04-01,台北市,北部區域,3833,33.01,0.10884257155838255,1.1734802701741913,68.62
112Q2,2023Q2,2023-04-01,基隆市,北部區域,909,34.59,0.025812130849613812,1.229648062566655,17.77
112Q2,2023Q2,2023-04-01,宜蘭縣,北部區域,915,24.47,0.025982507950931395,0.8698897973693566,19.79
112Q2,2023Q2,2023-04-01,新北市,北部區域,7571,29.25,0.21498750567923672,1.0398151439744046,38.72
112Q2,2023Q2,2023-04-01,新竹市,北部區域,616,31.44,0.01749204906860518,1.117667970138642,26.93
112Q2,2023Q2,2023-04-01,新竹縣,北部區域,957,20.5,0.027175147660154476,0.728759331674369,26.04
112Q2,2023Q2,2023-04-01,桃園市,北部區域,5170,22.57,0.14680826896865062,0.8023462495556346,25.37
112Q2,2023Q2,2023-04-01,台南市,南部區域,2496,28.25,0.0708768741481145,1.004265908282972,22.94
112Q2,2023Q2,2023-04-01,嘉義市,南部區域,519,34.02,0.014737619263970922,1.2093849982225384,18.62
112Q2,2023Q2,2023-04-01,嘉義縣,南部區域,521,21.01,0.014794411631076783,0.7468894418769997,15.2
112Q2,2023Q2,2023-04-01,屏東縣,南部區域,824,28.83,0.02339845524761472,1.0248844649840028,17.18
112Q2,2023Q2,2023-04-01,高雄市,南部區域,3411,27.89,0.09685938209904589,0.9914681834340562,23.51
112Q2,2023Q2,2023-04-01,台東縣,東部區域,155,34.9,0.0044014084507042256,1.240668325630999,19.11
112Q2,2023Q2,2023-04-01,花蓮縣,東部區域,583,30.3,0.016554975011358473,1.0771418414504088,19.2
